{"type":"FeatureCollection","features":[{"id":"0","type":"Feature","properties":{"OBJECTID_1":693,"STATE_UT":"ANDHRA PRADESH","STATE_LGD":"28","DISTRICT":"Tirupati","DIST_LGD":"692","REMARKS":null,"Shape_Leng":792335.941045,"Shape_Area":8421716495.28},"geometry":{"type":"Polygon","coordinates":[[[80.1388316271885,14.25850641919987,0.0],[80.13882722062318,14.258253003721338,0.0],[80.13882687931506,14.258233391309064,0.0],[80.13882256487481,14.258114507498432,0.0],[80.13882046077404,14.258056449327185,0.0],[80.13877836584388,14.256895048846117,0.0],[80.13875153590138,14.256352539719117,0.0],[80.13870609910975,14.255841589046204,0.0],[80.13872119299928,14.255195150667507,0.0],[80.13877793563455,14.25454422088443,0.0],[80.13877426240919,14.254046956620629,0.0],[80.13869178119913,14.25348623697729,0.0],[80.13854000599454,14.25287113984864,0.0],[80.1383834367118,14.252305766801951,0.0],[80.1380787508975,14.251604472797531,0.0],[80.13798185169344,14.251342073731637,0.0],[80.13790817796828,14.251102375099359,0.0],[80.13784843729806,14.250817398326127,0.0],[80.13785809599325,14.250600433805035,0.0],[80.13780275714291,14.250428430076969,0.0],[80.13744627321239,14.25019736466783,0.0],[80.13707106789802,14.250065659238954,0.0],[80.13450570989279,14.243677724857612,0.0],[80.13429419475192,14.242737043122098,0.0],[80.13432688331622,14.242624038288369,0.0],[80.13434553314781,14.242542675116452,0.0],[80.13437354966655,14.24241622292663,0.0],[80.1343555816031,14.242149391377039,0.0],[80.13434661978009,14.241941447170891,0.0],[80.13428688168547,14.241647478711176,0.0],[80.13417624419009,14.241330837716019,0.0],[80.13411164826375,14.2412131959348,0.0],[80.13409328344078,14.241109147449928,0.0],[80.13409353269624,14.240982630710782,0.0],[80.13409375884922,14.240833392210362,0.0],[80.13409413614475,14.240648071013352,0.0],[80.13406670568747,14.240421966273853,0.0],[80.13384572927302,14.239612362271819,0.0],[80.13349997785184,14.23859910425363,0.0],[80.13334350888982,14.238002028226816,0.0],[80.13318234235119,14.237364330930962,0.0],[80.13289683189396,14.236391830359176,0.0],[80.13257443024887,14.23532439010926,0.0],[80.13239994585338,14.234397325872555,0.0],[80.13219287221948,14.233587719325952,0.0],[80.1320362220111,14.233081081333578,0.0],[80.13190737411132,14.232610682978802,0.0],[80.13178762524183,14.23220362393893,0.0],[80.13170016754671,14.231850975590472,0.0],[80.13162637725853,14.231660819973838,0.0],[80.13152468423763,14.231520493692333,0.0],[80.1314460603969,14.23143904110614,0.0],[80.13138575568486,14.231416285679634,0.0],[80.13127932871448,14.23139347854866,0.0],[80.13112641830566,14.231379713518926,0.0],[80.13096879164401,14.23140203337797,0.0],[80.13072768863232,14.231433244125927,0.0],[80.130482083389,14.231432831853198,0.0],[80.13038937229811,14.23142809886689,0.0],[80.1302967311502,14.231400826292228,0.0],[80.13023660014868,14.23136452710536,0.0],[80.13019033855318,14.231314764062182,0.0],[80.1301625338969,14.231274071595287,0.0],[80.13013024941039,14.231224205068154,0.0],[80.13010717495943,14.231160878916178,0.0],[80.13010271473749,14.231074995652412,0.0],[80.13013073188954,14.230948547426683,0.0],[80.1301959120615,14.230808434486695,0.0],[80.13069770213784,14.230085984211657,0.0],[80.13087438584643,14.229824073581145,0.0],[80.1309301047646,14.229729229800025,0.0],[80.13097667163241,14.229611764087634,0.0],[80.13102323841974,14.229494297490032,0.0],[80.13103738964257,14.229385858431629,0.0],[80.13104238622856,14.229155277659698,0.0],[80.13105390037848,14.22794822443414,0.0],[80.1310457052666,14.227369568664061,0.0],[80.13099500301837,14.227157035813056,0.0],[80.13093529823742,14.226980591559654,0.0],[80.13083841281265,14.226700118800533,0.0],[80.13072403001541,14.22595397135171,0.0],[80.13057207235681,14.225370542226448,0.0],[80.13038783631133,14.224741792303575,0.0],[80.13027293362325,14.224226220150225,0.0],[80.13017217449986,14.223593123506642,0.0],[80.12997442522916,14.222760990926451,0.0],[80.12973115725875,14.221476666129742,0.0],[80.12952889595373,14.220594736849845,0.0],[80.12936773724765,14.220024865249986,0.0],[80.12929885119036,14.219690115672613,0.0],[80.12924359388289,14.21948213476558,0.0],[80.12925327335073,14.21927418673938,0.0],[80.12927888092524,14.217981268451164,0.0],[80.12926372948937,14.216145829211474,0.0],[80.12918555870405,14.215842808616918,0.0],[80.12915800919438,14.21567542909051,0.0],[80.12908062449436,14.214920362501944,0.0],[80.12890235403775,14.213581840217822,0.0],[80.12868335570911,14.211727974765989,0.0],[80.12848166044775,14.210534166586775,0.0],[80.12840014636768,14.20954382687166,0.0],[80.1283798675406,14.207988798442818,0.0],[80.12820725638367,14.20611238038828,0.0],[80.12803432826864,14.204389650859772,0.0],[80.12792998709227,14.203186964426106,0.0],[80.12774269901904,14.201739984002911,0.0],[80.12769799020585,14.200849326686255,0.0],[80.12762702447786,14.199171970250683,0.0],[80.12751362201699,14.197833629736776,0.0],[80.12742758449652,14.19677108056209,0.0],[80.12734545496907,14.196101846122973,0.0],[80.1272550096856,14.194903717590943,0.0],[80.12720031223701,14.194383772099842,0.0],[80.12716051960288,14.193361995472532,0.0],[80.12708767841204,14.192661134037719,0.0],[80.1270237142222,14.192190908320065,0.0],[80.12698830371399,14.191372514421465,0.0],[80.12695274542054,14.190495507175894,0.0],[80.12695292781329,14.190391454437835,0.0],[80.12693025492337,14.190033805108532,0.0],[80.12690793185969,14.18968166804138,0.0],[80.12690649900661,14.189643957070922,0.0],[80.12685940879477,14.188384108215583,0.0],[80.12685516791548,14.18823044298189,0.0],[80.12689294199016,14.187782942062958,0.0],[80.12680685159324,14.186752047988023,0.0],[80.12681888304667,14.18526478996851,0.0],[80.12676190565519,14.183483533574856,0.0],[80.12673170875043,14.182357822124798,0.0],[80.12672462369373,14.181146216863068,0.0],[80.12667530205857,14.180187734356503,0.0],[80.12663798408914,14.1798772413845,0.0],[80.12657965739194,14.179391956944537,0.0],[80.12657334493097,14.177805060330842,0.0],[80.126547867999,14.176543871308015,0.0],[80.12652672887194,14.175440799713607,0.0],[80.12642118236825,14.174911658470073,0.0],[80.12628815664534,14.174174536222106,0.0],[80.12626666969963,14.17329746890772,0.0],[80.12626228610125,14.173188972733136,0.0],[80.12632346330774,14.172673772264606,0.0],[80.12635426850983,14.171037439352753,0.0],[80.12637931963661,14.170029212647899,0.0],[80.12638644507055,14.169482516429223,0.0],[80.12639558169352,14.168781553564834,0.0],[80.12639404700055,14.167122458857893,0.0],[80.12642900241522,14.165748304683493,0.0],[80.1264131571704,14.164324223173447,0.0],[80.1265368283808,14.162611153766095,0.0],[80.12679591811462,14.16031505785581,0.0],[80.12687339957259,14.158511454281324,0.0],[80.1268743263152,14.158005141441429,0.0],[80.12684986688738,14.156233080160192,0.0],[80.12691835221636,14.15427121605177,0.0],[80.12689667350226,14.153489060144205,0.0],[80.12693455927742,14.153073225279012,0.0],[80.12705151438848,14.152467684072297,0.0],[80.1271214609891,14.152183030962304,0.0],[80.127145136575,14.151907324085816,0.0],[80.12715995490788,14.151419092468146,0.0],[80.12728298045029,14.150036015999198,0.0],[80.12756033957145,14.14789826830781,0.0],[80.12760453506965,14.146564796129718,0.0],[80.12761686870908,14.144914788017951,0.0],[80.12797282503865,14.14280426121811,0.0],[80.12800573609728,14.14255117709342,0.0],[80.12805474277586,14.141190553080163,0.0],[80.12806149670446,14.139951908546305,0.0],[80.12808691899255,14.138763044488725,0.0],[80.12817626657571,14.138026347638624,0.0],[80.12823408043904,14.136828465486698,0.0],[80.12832040633327,14.135255487024866,0.0],[80.12836793557393,14.134609150473002,0.0],[80.12852806662241,14.133208022376188,0.0],[80.12890374165235,14.130174538345207,0.0],[80.12929933832939,14.126980069770461,0.0],[80.12942595562792,14.126094262083084,0.0],[80.12943570758328,14.125872739500757,0.0],[80.1293943557862,14.125660166586611,0.0],[80.12932501218796,14.125578729713856,0.0],[80.12978715142944,14.123698996004862,0.0],[80.12988893975589,14.123730795957464,0.0],[80.129958284704,14.123812322986193,0.0],[80.1300692155877,14.12396168489831,0.0],[80.13017548087511,14.124097422004656,0.0],[80.13029591890802,14.124161004660028,0.0],[80.1303884654291,14.124165644600952,0.0],[80.13046720806364,14.124143222497047,0.0],[80.1305321566558,14.124107092070465,0.0],[80.13056000154158,14.12401675360217,0.0],[80.13056955816727,14.123885726450895,0.0],[80.13055134967806,14.123731921065023,0.0],[80.13054243894899,14.123564658257052,0.0],[80.1305518938392,14.123424546904037,0.0],[80.13064037205284,14.123167065690478,0.0],[80.13070568635118,14.122927594591193,0.0],[80.13076163891272,14.122733289939159,0.0],[80.13078970919825,14.122588709308024,0.0],[80.13082737463537,14.122254227279743,0.0],[80.13078617263892,14.12200549626017,0.0],[80.13074079770635,14.121481015961336,0.0],[80.13072325062946,14.120947606721705,0.0],[80.1307704089541,14.120513719969136,0.0],[80.13077708435605,14.120435058889873,0.0],[80.13085556467556,14.119510305030435,0.0],[80.1308954446667,14.11799150478198,0.0],[80.13089171888045,14.117503243643089,0.0],[80.1309294990657,14.11709644530084,0.0],[80.13093019843188,14.116757459357927,0.0],[80.13095856821354,14.116441069859398,0.0],[80.13096847141591,14.116088448421415,0.0],[80.13091343242218,14.11577640793149,0.0],[80.13090904266691,14.115663386911026,0.0],[80.13091400253735,14.115496207122995,0.0],[80.13092358670387,14.115297314186437,0.0],[80.13100736300284,14.115093992269484,0.0],[80.13107247973171,14.114944930264532,0.0],[80.13126289373356,14.114692085618007,0.0],[80.13140209156089,14.114520603172796,0.0],[80.13146711357011,14.114371541317164,0.0],[80.13151838412539,14.114249564816335,0.0],[80.13155567724553,14.114113973379524,0.0],[80.13159310797955,14.113928684395225,0.0],[80.13163050687821,14.113707326685905,0.0],[80.13164965336189,14.113386406540293,0.0],[80.13166868376084,14.113137808772287,0.0],[80.13171582678989,14.112694845297705,0.0],[80.13174944469975,14.112030298680994,0.0],[80.13185797856603,14.110954656083036,0.0],[80.13198947510726,14.109946865352022,0.0],[80.13219546649908,14.108771836155995,0.0],[80.13227587629609,14.107886022997365,0.0],[80.13243489749219,14.10704547744936,0.0],[80.13255642061289,14.106417292085169,0.0],[80.13263571296763,14.106110042331867,0.0],[80.13271883298835,14.105801301173418,0.0],[80.13271965569135,14.105798246067602,0.0],[80.13278085865524,14.10526951246403,0.0],[80.13277237974354,14.104876216804922,0.0],[80.13285208898446,14.104329386799805,0.0],[80.13287126413839,14.10394515070242,0.0],[80.13287688936401,14.10341174775846,0.0],[80.13290513320639,14.103163239209705,0.0],[80.13297054395318,14.102846829189867,0.0],[80.13312503814787,14.10195660143637,0.0],[80.13315503746348,14.101743439434228,0.0],[80.13320010329151,14.101423227368533,0.0],[80.13342498107204,14.1000720444931,0.0],[80.1335418009997,14.09949811375475,0.0],[80.13363599084548,14.09863039077381,0.0],[80.13377812044423,14.09690834929423,0.0],[80.13405859054666,14.09549844067577,0.0],[80.13420323030604,14.094920039522352,0.0],[80.13437646848647,14.09389417425007,0.0],[80.13454066286673,14.092759934735453,0.0],[80.13474653563199,14.091607399827694,0.0],[80.13489140160502,14.0908890950233,0.0],[80.13498522877246,14.090233616915212,0.0],[80.13533579242404,14.088480348178699,0.0],[80.13549948255545,14.087603681308059,0.0],[80.13570038319573,14.086613967564299,0.0],[80.13614256920147,14.085385186559742,0.0],[80.13661237934397,14.08423778094375,0.0],[80.13698888227341,14.083515180756018,0.0],[80.13718880670369,14.08305448214597,0.0],[80.13730508561318,14.082805993302959,0.0],[80.13735177075364,14.08258455302744,0.0],[80.1373565425913,14.082516775829063,0.0],[80.13814128275115,14.081365439905323,0.0],[80.13821532038156,14.081410792295511,0.0],[80.13836814423989,14.081411008343037,0.0],[80.13851179206745,14.081357087943212,0.0],[80.13869718298538,14.081257794896098,0.0],[80.13891517480285,14.081091061254735,0.0],[80.13912010693555,14.08087002142405,0.0],[80.1391286309251,14.080860828096608,0.0],[80.13956969727008,14.0802241992152,0.0],[80.13979728175131,14.07988557138887,0.0],[80.140178201143,14.079230831267475,0.0],[80.14049881590873,14.07858487091433,0.0],[80.1412293996194,14.076678559511885,0.0],[80.1414855207588,14.075955719244288,0.0],[80.14156927143245,14.075675558365779,0.0],[80.14164845616439,14.075390950007417,0.0],[80.14183911119223,14.074993493788861,0.0],[80.14195038153471,14.074867107822138,0.0],[80.1420432391851,14.074754187156485,0.0],[80.14209905963904,14.074645753242502,0.0],[80.14211774156561,14.074532813855148,0.0],[80.1421181121976,14.07435203060207,0.0],[80.14205395351927,14.07395864125805,0.0],[80.14203148421403,14.073560852763233,0.0],[80.14201607924238,14.073327896568815,0.0],[80.14200618963633,14.073178334195475,0.0],[80.14198921921522,14.072921706700424,0.0],[80.14197739957169,14.072742390625605,0.0],[80.1420162504395,14.071707446156498,0.0],[80.14205544910891,14.070559313045571,0.0],[80.14206261135782,14.06912178424853,0.0],[80.14201734934767,14.068552146025413,0.0],[80.14199502879313,14.06811811490385,0.0],[80.14196861559495,14.067326983541934,0.0],[80.14196037927447,14.066743865777447,0.0],[80.14207879573345,14.065261366037062,0.0],[80.14224396136478,14.063543908480822,0.0],[80.14230931787633,14.063214083942816,0.0],[80.1423297260648,14.062909576091208,0.0],[80.14233164500267,14.062880948380014,0.0],[80.14235687790874,14.062504465988193,0.0],[80.14235937315632,14.062486930880192,0.0],[80.1423991004556,14.06221064065904,0.0],[80.14247858460799,14.061776880310964,0.0],[80.14256750055256,14.061284244662547,0.0],[80.14264304817301,14.06046622916258,0.0],[80.14268078255795,14.060063943663183,0.0],[80.14276063138222,14.05944477842362,0.0],[80.1428452430786,14.058753298669338,0.0],[80.14291588494068,14.058052749462476,0.0],[80.14297252428331,14.057487842875055,0.0],[80.14299180749947,14.057062958841875,0.0],[80.14302937922527,14.056773684308277,0.0],[80.14309005085681,14.056507097129773,0.0],[80.14324813061081,14.056132220069658,0.0],[80.14335501361292,14.055919910235856,0.0],[80.14345718001233,14.055734765184882,0.0],[80.14355484006921,14.055513379170785,0.0],[80.14363398392443,14.055292013474906,0.0],[80.14370858849675,14.05500288412464,0.0],[80.14373227785191,14.054700088541546,0.0],[80.14375131931753,14.054401748805555,0.0],[80.14377966183335,14.054098950006237,0.0],[80.14378030454593,14.053737315665042,0.0],[80.14380444873208,14.053158820893188,0.0],[80.1438931059747,14.05278365341448,0.0],[80.14402806937983,14.05237710004387,0.0],[80.14420525500927,14.051685722646855,0.0],[80.144349640724,14.051215846027544,0.0],[80.1445546517863,14.050529166067651,0.0],[80.14481038689084,14.049856061484595,0.0],[80.14489908222853,14.04952168436266,0.0],[80.14498297117365,14.049218923677993,0.0],[80.14504362806379,14.048943347892761,0.0],[80.14510436152008,14.048654146145395,0.0],[80.14516989723569,14.048242852954589,0.0],[80.14520750642421,14.047908437720041,0.0],[80.1452529853364,14.047503750110154,0.0],[80.14525930966208,14.047447470176982,0.0],[80.14531974235409,14.047226035721623,0.0],[80.14548719889974,14.04684661586486,0.0],[80.14555699372247,14.046679492757104,0.0],[80.14559436811682,14.046476159683186,0.0],[80.14565966418085,14.046191495911312,0.0],[80.14573922276922,14.045757754357917,0.0],[80.14580904737842,14.04553176868706,0.0],[80.14586986785672,14.04515209457591,0.0],[80.14605210326205,14.044239352278915,0.0],[80.14624297530973,14.043661066334423,0.0],[80.14643397317393,14.043028552751993,0.0],[80.14650867324883,14.042667034480598,0.0],[80.14658318714721,14.042391357376653,0.0],[80.14667629934179,14.042106760847952,0.0],[80.14681128356345,14.041736371319026,0.0],[80.14710448875994,14.040891559852572,0.0],[80.14743917404508,14.040119104370682,0.0],[80.14761600905705,14.039649296711296,0.0],[80.14787202752218,14.038840680556389,0.0],[80.1481192535987,14.037819425170683,0.0],[80.14831954464303,14.037105521437624,0.0],[80.14845458722762,14.036712516756891,0.0],[80.14859879476202,14.036278807827054,0.0],[80.14870578152772,14.036012276964483,0.0],[80.14877591388726,14.035650678615589,0.0],[80.14886924633747,14.03523500860646,0.0],[80.14894863755725,14.034832889943273,0.0],[80.1491395968792,14.034186762289924,0.0],[80.14930716681853,14.03368072775665,0.0],[80.14943272378854,14.033382659112176,0.0],[80.14950736286964,14.033061843119574,0.0],[80.14965675624451,14.032356900377062,0.0],[80.14977817896958,14.031769437559046,0.0],[80.14995025057084,14.031299643150078,0.0],[80.15015015846433,14.030847897159017,0.0],[80.15039173583226,14.030387296661527,0.0],[80.15065174770776,14.029940211639243,0.0],[80.15078183909013,14.029709900912723,0.0],[80.15082837866649,14.029560794667738,0.0],[80.15084253808156,14.029407179030338,0.0],[80.15084270614932,14.029307625230999,0.0],[80.15159434080505,14.028377695441165,0.0],[80.15161724262323,14.028558611371688,0.0],[80.15163557147132,14.028644521134344,0.0],[80.15164015086127,14.028662591347663,0.0],[80.15166786284644,14.028734957706728,0.0],[80.15167850400721,14.028766374368068,0.0],[80.15168186335323,14.028775635426078,0.0],[80.1517974052457,14.028766793414833,0.0],[80.1518808075561,14.028721742435069,0.0],[80.15189957409234,14.028613267076992,0.0],[80.15192312463314,14.028373712886744,0.0],[80.15200714949063,14.027967054065755,0.0],[80.15231479789908,14.026778718920646,0.0],[80.1524309859955,14.026516723320464,0.0],[80.15266761204161,14.026218812155262,0.0],[80.15299253191012,14.025758214189379,0.0],[80.15337308449979,14.025216445406874,0.0],[80.15363788417127,14.02474228694583,0.0],[80.1540931090021,14.02384337407951,0.0],[80.15470140114306,14.022813863019794,0.0],[80.15487781513633,14.022506842308546,0.0],[80.15504086909615,14.021987196845737,0.0],[80.15534290852935,14.021300636065199,0.0],[80.15536259519128,14.021259807953614,0.0],[80.15552853179207,14.020915671620774,0.0],[80.15572854146174,14.020501172098212,0.0],[80.15615142018262,14.019570688912738,0.0],[80.15658879539018,14.018305661284192,0.0],[80.15700698347722,14.017433953882593,0.0],[80.1573929170954,14.016426583848958,0.0],[80.1576998871263,14.015599780258428,0.0],[80.1582345699584,14.014280794218081,0.0],[80.15857835452454,14.013603367509626,0.0],[80.15911272507273,14.01242889507968,0.0],[80.1596888948582,14.011209325639463,0.0],[80.16003743063223,14.01039174838417,0.0],[80.16020473507359,14.010034966696198,0.0],[80.1603071902495,14.009668994059629,0.0],[80.1604886113251,14.00913589998291,0.0],[80.16120043681886,14.007093916360647,0.0],[80.16166964984463,14.006082110199355,0.0],[80.16232508119653,14.004519135964447,0.0],[80.16245996403147,14.004130606086493,0.0],[80.16247858719277,14.004067368740817,0.0],[80.16256314709305,14.003366903400263,0.0],[80.1626703807626,14.002883309035145,0.0],[80.16286544394775,14.002494986112326,0.0],[80.16314858377672,14.002097659570326,0.0],[80.16335749794695,14.00170468743788,0.0],[80.16350158800888,14.001397528697176,0.0],[80.16377101978702,14.000819382773567,0.0],[80.16379890895031,14.00072897954935,0.0],[80.16384545788739,14.00060703719539,0.0],[80.16395246029246,14.00024560775392,0.0],[80.16408272593297,13.99989323524402,0.0],[80.16442698495813,13.998890301819088,0.0],[80.1647293974636,13.997977700054784,0.0],[80.16495274370217,13.99729552550015,0.0],[80.16511563138138,13.996771455997669,0.0],[80.16536218169125,13.996053108101616,0.0],[80.16583642771506,13.994797267052073,0.0],[80.16631512464245,13.993690559646712,0.0],[80.16647789886723,13.99315741212954,0.0],[80.16694765948648,13.991901583902681,0.0],[80.16715682564568,13.991354942452032,0.0],[80.16759858338071,13.990180347085852,0.0],[80.16792395359808,13.989362736869442,0.0],[80.1684441151412,13.988346449578621,0.0],[80.16886185601197,13.987623916116137,0.0],[80.16897795312754,13.987416157975277,0.0],[80.16924736140406,13.98686063964124,0.0],[80.16947503600771,13.986327604645945,0.0],[80.17007416865404,13.985112598551432,0.0],[80.17055712619685,13.984195811600356,0.0],[80.17110507596202,13.983120826970897,0.0],[80.17136041653187,13.98263308154885,0.0],[80.17179231211053,13.981802000850166,0.0],[80.17215923752046,13.981007055407012,0.0],[80.17228947136216,13.980659144926037,0.0],[80.17259588538397,13.980117211192619,0.0],[80.17297218874167,13.97931771456173,0.0],[80.17324146818089,13.97875766187714,0.0],[80.17358935688434,13.978292603212939,0.0],[80.17379377646677,13.977926803025579,0.0],[80.17429523315664,13.976897018830156,0.0],[80.1745646635588,13.976318802416012,0.0],[80.17499169668581,13.975496815483917,0.0],[80.17540509848426,13.974638609598083,0.0],[80.17561882598224,13.974141746727788,0.0],[80.17605081430337,13.97320677747995,0.0],[80.17637614526846,13.972429783006158,0.0],[80.17666863976933,13.971865164943853,0.0],[80.1769800027219,13.971079198577787,0.0],[80.17721236373545,13.9704738770606,0.0],[80.17751437601822,13.969796271589571,0.0],[80.17784418345164,13.969041890335063,0.0],[80.17802535796044,13.968626353857495,0.0],[80.17838795970493,13.967636987191586,0.0],[80.17858299209166,13.967225976124517,0.0],[80.17870859228601,13.966841933828496,0.0],[80.17892263429171,13.966177790009288,0.0],[80.17906207030437,13.965780200270618,0.0],[80.1793824078581,13.965193120319059,0.0],[80.17953562382482,13.964881425648295,0.0],[80.179906881981,13.964267220524675,0.0],[80.18032001334078,13.963535626340192,0.0],[80.18049648415699,13.963160785807577,0.0],[80.18059393473285,13.963016265120219,0.0],[80.18098832587592,13.962393039322555,0.0],[80.18139225395649,13.961670448821852,0.0],[80.1816151717648,13.961123907218878,0.0],[80.18170810423,13.960870866902308,0.0],[80.18186234867905,13.959939989519075,0.0],[80.18194151048667,13.959610138145695,0.0],[80.18209477068025,13.959271382116853,0.0],[80.18243374993862,13.958598371884454,0.0],[80.1828517764575,13.95765426784022,0.0],[80.18307941294087,13.95709864412682,0.0],[80.18334887534304,13.956461686917509,0.0],[80.18383638225325,13.955472544584977,0.0],[80.18394803577547,13.95517888909844,0.0],[80.18421264806193,13.95460523818535,0.0],[80.18443104983376,13.954036096499213,0.0],[80.18468648307037,13.95348498005442,0.0],[80.18482598161627,13.953087397315407,0.0],[80.18501177419226,13.952680856197851,0.0],[80.18519277250866,13.95237376325258,0.0],[80.18538796856116,13.951840706659617,0.0],[80.18573662117518,13.950851387055542,0.0],[80.18601550786966,13.950051687390571,0.0],[80.18612244198144,13.949780653165412,0.0],[80.18642434556813,13.94915737382225,0.0],[80.18683777237426,13.948086697447318,0.0],[80.1870794549235,13.947422634071104,0.0],[80.18732129712299,13.94667266155644,0.0],[80.18756293627739,13.94604919211514,0.0],[80.18792089254784,13.945019187989745,0.0],[80.1881161366765,13.94446797651,0.0],[80.18844630210603,13.943451452357708,0.0],[80.18870198300742,13.942701558810546,0.0],[80.18913375268623,13.941811676868015,0.0],[80.18925923869033,13.941518100546581,0.0],[80.1897002494634,13.940592155857676,0.0],[80.18999285530288,13.93992812481508,0.0],[80.19030870124921,13.939196317955826,0.0],[80.19067098094719,13.938360655906457,0.0],[80.19083270384053,13.937994531223332,0.0],[80.19096830621703,13.93768754034051,0.0],[80.19107511967034,13.937344226477977,0.0],[80.19135414610916,13.936485792657775,0.0],[80.19172136339792,13.935401580878752,0.0],[80.19208872915004,13.934294671071163,0.0],[80.19239068886361,13.933490515146412,0.0],[80.19249210687353,13.933242051365438,0.0],[80.1926322342316,13.932898753485269,0.0],[80.19264131512264,13.93287676579448,0.0],[80.19294809230573,13.932130815551764,0.0],[80.19311564087697,13.931547962342345,0.0],[80.19349650989545,13.930603861513879,0.0],[80.19382186069161,13.929718406941857,0.0],[80.1940681820081,13.928963915085575,0.0],[80.19416128786878,13.92866575883982,0.0],[80.19456091373036,13.927586151536683,0.0],[80.19489063547623,13.926777428303927,0.0],[80.19500226551524,13.926434026810147,0.0],[80.19521617567796,13.925711184106444,0.0],[80.19548097074858,13.925078719095085,0.0],[80.19565767297806,13.924473342507952,0.0],[80.19582046319508,13.923958247390416,0.0],[80.19607133676341,13.923280672136888,0.0],[80.19637330154103,13.922512675120208,0.0],[80.19650806679547,13.922164794993087,0.0],[80.19670339940943,13.921527796118596,0.0],[80.19694966295445,13.920818538016817,0.0],[80.19722385436506,13.920073103046912,0.0],[80.19745162792645,13.919372862528556,0.0],[80.1977307662642,13.918387878226927,0.0],[80.19800017340202,13.917683133942765,0.0],[80.19816295428811,13.917172587184366,0.0],[80.19845065194369,13.916648701348743,0.0],[80.19874308561816,13.915993687703953,0.0],[80.19915150481174,13.915194226534009,0.0],[80.19952292128302,13.914458017343636,0.0],[80.19972236428443,13.91404249347202,0.0],[80.20010780501002,13.913175235253144,0.0],[80.20060438005603,13.912154366143008,0.0],[80.20091081750626,13.911490348021328,0.0],[80.20114287776302,13.911011580807026,0.0],[80.2014675959695,13.910519337103601,0.0],[80.20181993858262,13.909977476078444,0.0],[80.20200080246669,13.909643250310188,0.0],[80.20227473959348,13.909074167270091,0.0],[80.20259977196397,13.908360455257228,0.0],[80.203133452929,13.907312571645047,0.0],[80.20338450151145,13.906855583961487,0.0],[80.20356906636657,13.906519616147964,0.0],[80.20374121480982,13.906206014829628,0.0],[80.20423737266461,13.905501597803205,0.0],[80.20453875046135,13.90508166523462,0.0],[80.20514134786787,13.90432769924893,0.0],[80.20554484734569,13.903704499294959,0.0],[80.20602253342074,13.902905129808413,0.0],[80.2061895761756,13.902602521583509,0.0],[80.2066253152424,13.902038115230608,0.0],[80.20711203229895,13.901442215278996,0.0],[80.20733471161445,13.901053813816752,0.0],[80.20770580479736,13.900403419693887,0.0],[80.20793315167214,13.899969790922334,0.0],[80.20821602289067,13.899558874615884,0.0],[80.20857766000877,13.899053138270215,0.0],[80.20889307220732,13.898529310544362,0.0],[80.2092223694488,13.897969324460353,0.0],[80.2094728832807,13.897495075464795,0.0],[80.20979747347971,13.897020901445211,0.0],[80.21023783411016,13.896461024444433,0.0],[80.2104743150471,13.896113281442533,0.0],[80.21074794301533,13.895625560523689,0.0],[80.21109147089761,13.894839554911401,0.0],[80.21124475778193,13.89436971853196,0.0],[80.21153705541664,13.89387743242115,0.0],[80.21190808514167,13.893272259152145,0.0],[80.21212150092056,13.892861263555705,0.0],[80.21265502031451,13.891795229369391,0.0],[80.21275730273129,13.891524228589539,0.0],[80.2130495479707,13.89094604843708,0.0],[80.21335567272676,13.890449293294038,0.0],[80.21355505047488,13.890160260350164,0.0],[80.21376369904046,13.88979893960593,0.0],[80.21422298006722,13.888940765752936,0.0],[80.21450134458983,13.888407825076454,0.0],[80.21480779795496,13.887653388020155,0.0],[80.21508187015944,13.886876392963305,0.0],[80.2155924391006,13.885724600258268,0.0],[80.21605171509117,13.884821122852893,0.0],[80.21655745615591,13.883858922523338,0.0],[80.2169332491918,13.88306407174267,0.0],[80.2173600533699,13.882264607193758,0.0],[80.21762897558274,13.881831106545057,0.0],[80.21796742720467,13.881347925421085,0.0],[80.21837112099176,13.880516809011839,0.0],[80.21853820749702,13.880042422973784,0.0],[80.21879855279607,13.879247208968032,0.0],[80.21886365310334,13.878985167523428,0.0],[80.21885923313546,13.87883599953819,0.0],[80.2186470657391,13.87837018298125,0.0],[80.21857815394799,13.878049147640336,0.0],[80.21849579878985,13.877398186208156,0.0],[80.21841751736167,13.877086245773619,0.0],[80.21831600284301,13.876950480910635,0.0],[80.21820501811902,13.876878014397747,0.0],[80.21807082198428,13.876877855131179,0.0],[80.21769618558481,13.876863804911373,0.0],[80.21754809818081,13.876836427407115,0.0],[80.21748814201953,13.876768604443633,0.0],[80.2174974206467,13.876700766950293,0.0],[80.217529932617,13.876633076006092,0.0],[80.21769674025737,13.876452416287126,0.0],[80.21789577457268,13.876375937806896,0.0],[80.21811323818636,13.876376243692182,0.0],[80.21829356415962,13.87639903230573,0.0],[80.21845076743999,13.876489587471152,0.0],[80.21864947432415,13.8766752307262,0.0],[80.21880174534557,13.8769375753097,0.0],[80.21886630138071,13.877091373197883,0.0],[80.21890728479727,13.877556994608412,0.0],[80.21897156400934,13.877887024574397,0.0],[80.21904068278143,13.878104008446865,0.0],[80.21907292537585,13.878217088384405,0.0],[80.21911913507908,13.87823073020155,0.0],[80.21916086188116,13.878172012800452,0.0],[80.21922123901439,13.878036455072927,0.0],[80.21969499018853,13.876685712267781,0.0],[80.21987141895617,13.876247451750297,0.0],[80.22020989862287,13.875737216959267,0.0],[80.22049237996202,13.875484377311436,0.0],[80.22073334703003,13.875249759601656,0.0],[80.22088174461992,13.87495163751215,0.0],[80.22137419762011,13.873514981821767,0.0],[80.22173667373981,13.87233574765929,0.0],[80.2221461394282,13.87062321839073,0.0],[80.22237425438135,13.86957494103266,0.0],[80.22259312464318,13.86855827572306,0.0],[80.22270010282145,13.868110960609139,0.0],[80.22288608613164,13.867446802059572,0.0],[80.22304869650188,13.866868479906401,0.0],[80.22314680200681,13.866280999010897,0.0],[80.22336998692383,13.865467708562788,0.0],[80.22360677681058,13.864735835882923,0.0],[80.223732403699,13.864274967958826,0.0],[80.22397843168244,13.863683174141999,0.0],[80.22412258236004,13.863186142921744,0.0],[80.22448074104307,13.861726673720629,0.0],[80.22460630977986,13.861234213945103,0.0],[80.22490367580995,13.860335202326203,0.0],[80.22523340458044,13.859341266025307,0.0],[80.22539614279854,13.858794456971447,0.0],[80.22565145281051,13.858094345328022,0.0],[80.225911507925,13.857398583061638,0.0],[80.22606956308769,13.856833808346574,0.0],[80.22625086249245,13.856165045404618,0.0],[80.22652039750577,13.855193727934001,0.0],[80.22658557574597,13.854994890370136,0.0],[80.226789760167,13.854457373136489,0.0],[80.22705903741246,13.853784208561251,0.0],[80.22726790741378,13.853273650573009,0.0],[80.2275973092448,13.852551001875836,0.0],[80.22793128362329,13.851841875208008,0.0],[80.22835321563112,13.85111472481756,0.0],[80.22869648577381,13.850468773017093,0.0],[80.22890517885403,13.850026125958433,0.0],[80.22910476039058,13.84952466295123,0.0],[80.22927662045144,13.84900517969565,0.0],[80.22949505974996,13.84833645957043,0.0],[80.22991255086374,13.84741049749144,0.0],[80.23017225483467,13.846918109895118,0.0],[80.23023259279928,13.846719373050446,0.0],[80.23049738576277,13.8458835346806,0.0],[80.23071122405801,13.845138021469761,0.0],[80.23083666898192,13.844704318311775,0.0],[80.23101778523055,13.84417120735279,0.0],[80.23123599735624,13.843597545578442,0.0],[80.23154210128565,13.842969636165021,0.0],[80.23182042170217,13.842341681134025,0.0],[80.2321729314727,13.841632535814977,0.0],[80.23251149198255,13.840973073095014,0.0],[80.23294277507851,13.840151046501596,0.0],[80.23319332723034,13.839590954089452,0.0],[80.23355976684708,13.838832038515314,0.0],[80.23367570975917,13.838556502408412,0.0],[80.233954392973,13.837716207683933,0.0],[80.23440478315418,13.836451220439288,0.0],[80.23461826068413,13.83589555012239,0.0],[80.23483175197485,13.83534895823828,0.0],[80.23525391345125,13.834373166919592,0.0],[80.23546279353727,13.833849189665088,0.0],[80.23582002195258,13.833045086690317,0.0],[80.23612171496848,13.832254511704814,0.0],[80.23635385880883,13.831540671969307,0.0],[80.23676680785275,13.830569441887112,0.0],[80.2370451655411,13.829937051204183,0.0],[80.2374949876938,13.82896585370777,0.0],[80.2376529885632,13.82846883527368,0.0],[80.2379966682934,13.827420742236791,0.0],[80.23829391086448,13.826435820644186,0.0],[80.23845183555306,13.825952333502089,0.0],[80.23867435810108,13.82554136359585,0.0],[80.23897113807982,13.824990285956991,0.0],[80.23927298406639,13.824041583016186,0.0],[80.2396071161103,13.823178706598892,0.0],[80.23985748212766,13.822704508573779,0.0],[80.24002466357256,13.822207482216603,0.0],[80.24041437525997,13.82125882071365,0.0],[80.24054447178635,13.820752779277186,0.0],[80.24105961384578,13.819451687102069,0.0],[80.24113874155871,13.819017903210126,0.0],[80.24122244925351,13.818706119232525,0.0],[80.24151514273734,13.817694081193805,0.0],[80.2417331038501,13.817237915898495,0.0],[80.24187722333161,13.816682109789943,0.0],[80.24186378036028,13.816275900652487,0.0],[80.24224415264106,13.814967273371265,0.0],[80.24241657041205,13.814374080560029,0.0],[80.24248655610262,13.81413312981429,0.0],[80.2428355673753,13.812253993545733,0.0],[80.24312275635653,13.811924441580983,0.0],[80.24392979701982,13.810103998249916,0.0],[80.24475551075821,13.808193117107734,0.0],[80.2452243430861,13.806910108891563,0.0],[80.2454747345568,13.806322908021759,0.0],[80.24590191215918,13.804971985498423,0.0],[80.24648171046334,13.80358068294747,0.0],[80.24676447614765,13.803079303335766,0.0],[80.2471350765074,13.802559979697842,0.0],[80.24751957802962,13.80207685286777,0.0],[80.24828846856761,13.80115570999602,0.0],[80.24844135998549,13.800902731088337,0.0],[80.24867780422838,13.800473778387163,0.0],[80.24934080113654,13.799096046050959,0.0],[80.24970717404904,13.798255754525474,0.0],[80.25033311326322,13.796941358226663,0.0],[80.25064422330333,13.79600612833523,0.0],[80.25093697663553,13.794786178314673,0.0],[80.25107187850735,13.794149083740132,0.0],[80.25138320565763,13.792983387881177,0.0],[80.25162995916337,13.791654874517954,0.0],[80.2521089210559,13.789531257191362,0.0],[80.25231843116511,13.788360943334387,0.0],[80.25276849832626,13.78710043764306,0.0],[80.25308904964197,13.7859166835283,0.0],[80.25330821999945,13.784452633393201,0.0],[80.2534385940489,13.783688939190023,0.0],[80.25365289069131,13.782405718131395,0.0],[80.25369591161397,13.781311966158452,0.0],[80.25366404884383,13.780905106342072,0.0],[80.2534889675658,13.780389667163188,0.0],[80.25305558547139,13.779299939156957,0.0],[80.25270511472793,13.778499526070465,0.0],[80.25235463002352,13.777789608888648,0.0],[80.25187976325009,13.776654573954545,0.0],[80.25144691070774,13.775130983836512,0.0],[80.2509954277907,13.773824273120658,0.0],[80.25069634281446,13.772721162807303,0.0],[80.25027251380115,13.77139644013906,0.0],[80.24999171929977,13.770388244670928,0.0],[80.24996427929418,13.770108007087163,0.0],[80.24986338880423,13.769420904120734,0.0],[80.24963407087257,13.767915593046013,0.0],[80.24950539613455,13.767318853820566,0.0],[80.24947787111019,13.767092805655821,0.0],[80.24934961473505,13.766111950571702,0.0],[80.2493228251849,13.765370721117819,0.0],[80.24925842976039,13.765090370828004,0.0],[80.24903255164597,13.76455234710044,0.0],[80.24894509598035,13.764253883384171,0.0],[80.24870124513231,13.763327150361299,0.0],[80.24834654644319,13.76220573915451,0.0],[80.24781651295164,13.760862899811006,0.0],[80.247503094009,13.760071621291306,0.0],[80.2468346257475,13.758570279757436,0.0],[80.2464471882149,13.757765334864382,0.0],[80.24635515982945,13.75744891234001,0.0],[80.24611123429767,13.756567301175187,0.0],[80.2458815230978,13.755378346996935,0.0],[80.24540775247034,13.753484143810484,0.0],[80.24495223259112,13.751716438692853,0.0],[80.24468059150364,13.7507985836279,0.0],[80.24442706636779,13.750041073112463,0.0],[80.2442417959103,13.749236614511174,0.0],[80.24396868307942,13.748373495693071,0.0],[80.24375568914631,13.747587239339971,0.0],[80.24341302480366,13.746294766851555,0.0],[80.24299640777673,13.745024932166142,0.0],[80.24269100641986,13.744112139845562,0.0],[80.24263530303804,13.743746021987244,0.0],[80.24258890088811,13.743389055036562,0.0],[80.24250557109063,13.743045582213169,0.0],[80.24226953421748,13.742345142800932,0.0],[80.24187619071176,13.741256070184756,0.0],[80.24150120824085,13.74009926440455,0.0],[80.2412557835949,13.739227040136804,0.0],[80.2411307374021,13.738598845486866,0.0],[80.24097331000662,13.73803405338352,0.0],[80.2405150779089,13.736511008926788,0.0],[80.24028818817007,13.73572026139905,0.0],[80.24007989372909,13.734997188174393,0.0],[80.23989941352313,13.734464022790542,0.0],[80.23964483568047,13.73392172546557,0.0],[80.23950598052039,13.733406553462164,0.0],[80.23926518186092,13.732245096038106,0.0],[80.23902904750155,13.731255436246084,0.0],[80.2385983242311,13.729190199901108,0.0],[80.23833432873488,13.727974523293112,0.0],[80.23812587886844,13.726880913639556,0.0],[80.23797297338592,13.726017731494851,0.0],[80.2378015883962,13.72520422366232,0.0],[80.23753301971131,13.723857520194727,0.0],[80.2372919801848,13.722108557042228,0.0],[80.23715300571783,13.721028464554252,0.0],[80.23683297863423,13.718578948604572,0.0],[80.2367632546101,13.717711291886802,0.0],[80.2367354069079,13.717119182631611,0.0],[80.2367215036891,13.716915829865188,0.0],[80.23660099222309,13.716255992589232,0.0],[80.23654071294507,13.715858328164092,0.0],[80.23648968556867,13.715388320104271,0.0],[80.23636926937635,13.714674397703506,0.0],[80.23623026667154,13.713838265323304,0.0],[80.2362070579213,13.713512779648239,0.0],[80.23600796748772,13.712550242845673,0.0],[80.23592439872668,13.711777458721503,0.0],[80.23578519581255,13.710227312635906,0.0],[80.23564606627258,13.708934720710028,0.0],[80.23559036342033,13.708279419224946,0.0],[80.23540505262311,13.707172218723448,0.0],[80.2352891517789,13.706322545285001,0.0],[80.23521956687671,13.705581421860655,0.0],[80.23510819914148,13.704505781446043,0.0],[80.23481603775548,13.702187374662461,0.0],[80.23439010051639,13.700063309520552,0.0],[80.23430673167881,13.699507437389624,0.0],[80.23426495432243,13.698956127288561,0.0],[80.23408432925572,13.698079354216404,0.0],[80.2338991132628,13.697229814151207,0.0],[80.2338665619607,13.696755355571236,0.0],[80.23387102913948,13.696271761583754,0.0],[80.23395409917373,13.695729236496627,0.0],[80.23399096932441,13.695525904603167,0.0],[80.23400932530562,13.695241114310923,0.0],[80.23405052644604,13.693930498007402,0.0],[80.23401787815435,13.693180267940162,0.0],[80.23398075763312,13.692692118804423,0.0],[80.23384147156912,13.691178173904994,0.0],[80.23379502763984,13.690337500690845,0.0],[80.23366919214007,13.68745412719917,0.0],[80.23354837836055,13.6856101416431,0.0],[80.23347861580334,13.684643023920945,0.0],[80.23343205468223,13.683621607986842,0.0],[80.23340396481527,13.682437552608263,0.0],[80.23326482344565,13.681108857456534,0.0],[80.23320453077537,13.680688548549464,0.0],[80.23319062201355,13.680476143575147,0.0],[80.23321810740195,13.67977557169991,0.0],[80.23324548543378,13.679011754939832,0.0],[80.23316221132855,13.678555369770896,0.0],[80.23308811671079,13.678148697765048,0.0],[80.2330370014371,13.677448075492578,0.0],[80.23310125825583,13.676159995514686,0.0],[80.23318876329928,13.67522894371208,0.0],[80.23333176069912,13.674297897117137,0.0],[80.23342394581259,13.67366510713146,0.0],[80.2334562170029,13.673434575385194,0.0],[80.23346066186726,13.67288323082711,0.0],[80.23340472887529,13.671586106898532,0.0],[80.23335812867784,13.670429165342494,0.0],[80.23336222615585,13.66907324475505,0.0],[80.23337099558047,13.667789730578098,0.0],[80.23341689314978,13.666677929273094,0.0],[80.23336084066173,13.665200080168644,0.0],[80.23340207504307,13.664128855372498,0.0],[80.23353575002665,13.663071183909631,0.0],[80.23354021054882,13.662528931320574,0.0],[80.23354893573787,13.661222758984593,0.0],[80.23357620585789,13.659961839629881,0.0],[80.23364962346257,13.658447694367084,0.0],[80.23377323134456,13.657421534214684,0.0],[80.23384779536887,13.656802514530828,0.0],[80.2340136203467,13.655234245719491,0.0],[80.23422094095302,13.653516750495552,0.0],[80.23445621956792,13.652255701093148,0.0],[80.23463605516578,13.651130302718123,0.0],[80.23484371611083,13.65021727174613,0.0],[80.23496819636497,13.649331415912231,0.0],[80.2351754948335,13.647451173073032,0.0],[80.2353046799367,13.647039759297064,0.0],[80.2354986234673,13.646519995628774,0.0],[80.23560939142482,13.646081574881403,0.0],[80.23569703218794,13.645629582324522,0.0],[80.23598758321765,13.643993564160274,0.0],[80.23613514354992,13.64315722577278,0.0],[80.2362180950152,13.642461266897012,0.0],[80.23658241449061,13.6403549720509,0.0],[80.23690065206034,13.63870069616534,0.0],[80.23702521227783,13.638036341912324,0.0],[80.23719110890907,13.63686564688585,0.0],[80.23722809849257,13.636743644179152,0.0],[80.23722795632524,13.636553837093,0.0],[80.237283247171,13.635961732238647,0.0],[80.237403253895,13.635563954516106,0.0],[80.23761095569216,13.634967335039333,0.0],[80.2377264082044,13.63456502947175,0.0],[80.23788318060058,13.633756007494519,0.0],[80.2381739758998,13.632879081493247,0.0],[80.23842308506016,13.631717518337911,0.0],[80.23861682860827,13.630727618857541,0.0],[80.23882905076738,13.629963786259493,0.0],[80.23942455020479,13.628223536341238,0.0],[80.23975684087395,13.62700323876822,0.0],[80.24013982899915,13.62560194912059,0.0],[80.2406150627298,13.623802945912074,0.0],[80.24098877354524,13.622410846625302,0.0],[80.2414179584961,13.620761089041972,0.0],[80.241874775831,13.619111199328168,0.0],[80.24212402366523,13.618112257597723,0.0],[80.24257150699434,13.61643989570001,0.0],[80.24293161543136,13.615612694616464,0.0],[80.24320397701499,13.614893877981842,0.0],[80.24351311737428,13.613994459905618,0.0],[80.24421962452028,13.612471094290193,0.0],[80.2451337183765,13.610595101674328,0.0],[80.24546148841827,13.609804070503982,0.0],[80.24577090419851,13.609279707448774,0.0],[80.24632943669187,13.608127027661679,0.0],[80.24722074034453,13.60650410807431,0.0],[80.24812564225338,13.604872185449343,0.0],[80.24853195350428,13.604139904351673,0.0],[80.24973259846696,13.602354152503441,0.0],[80.25009725922465,13.601626390667308,0.0],[80.25130704578277,13.59974119496932,0.0],[80.25169951558357,13.599013386196457,0.0],[80.25214732570065,13.59822233951915,0.0],[80.25273362914533,13.59694306932402,0.0],[80.25371683011934,13.594890718192644,0.0],[80.25413230194376,13.593927911936273,0.0],[80.2544831010516,13.592951522796975,0.0],[80.25477370549687,13.592124291112693,0.0],[80.25517991910489,13.591278985544283,0.0],[80.25568767256559,13.590230200541818,0.0],[80.25690177395512,13.58782076015171,0.0],[80.25754333536352,13.586433003889594,0.0],[80.25843431816685,13.584832709016654,0.0],[80.25899298686937,13.583910479785041,0.0],[80.25968551998737,13.582771200679463,0.0],[80.26075647944087,13.580795837348681,0.0],[80.26183673050001,13.578942200145782,0.0],[80.26261223920217,13.577527273540971,0.0],[80.26331855159559,13.576401579868348,0.0],[80.26364637432607,13.575782218623717,0.0],[80.26377546454613,13.575352814952716,0.0],[80.2643708063549,13.574010159564333,0.0],[80.26546450268903,13.571537484758434,0.0],[80.26570908908943,13.570995024697707,0.0],[80.26594446781885,13.570438975917968,0.0],[80.26634594114459,13.569512332815869,0.0],[80.26654436860463,13.569078361770195,0.0],[80.26709820267368,13.567875855212826,0.0],[80.26853931615045,13.56453746606671,0.0],[80.26620737252999,13.56353125995068,0.0],[80.26404959887532,13.56263737643413,0.0],[80.2640420029853,13.562597429032984,0.0],[80.26403564154474,13.562563972089947,0.0],[80.26354950916605,13.560007257052227,0.0],[80.263228186426,13.55856157583402,0.0],[80.26259131789632,13.555696133609768,0.0],[80.26180439279659,13.552108114010336,0.0],[80.26119331514774,13.54917976592043,0.0],[80.26028147626347,13.544986142606989,0.0],[80.25895314528566,13.538930685038192,0.0],[80.2575275681645,13.532156712011664,0.0],[80.25614390083368,13.526019842183372,0.0],[80.25488502803384,13.519833335221708,0.0],[80.25393193931687,13.515834017142557,0.0],[80.25390062734071,13.515677021104764,0.0],[80.25389948229129,13.515671277723722,0.0],[80.25291853791222,13.511152292849072,0.0],[80.25225681121526,13.508097387220463,0.0],[80.25188200145811,13.506298807711051,0.0],[80.25110927190937,13.502769461237866,0.0],[80.25068224120348,13.501279383795575,0.0],[80.2486363952845,13.493283464615912,0.0],[80.24857259128513,13.493033990123905,0.0],[80.2465695888047,13.488157600253107,0.0],[80.24621041416371,13.48690453887724,0.0],[80.24524196423721,13.483525795228156,0.0],[80.24407606506074,13.478984296564391,0.0],[80.24286428954473,13.474998702324365,0.0],[80.24233914588865,13.472822828107779,0.0],[80.24181401229735,13.470646953578493,0.0],[80.24179289874361,13.470736680393427,0.0],[80.24134390663419,13.472644749823065,0.0],[80.2409747793494,13.473309268650162,0.0],[80.24038374035615,13.473427031732289,0.0],[80.23896617709694,13.473730447838328,0.0],[80.2378810171376,13.473843897529974,0.0],[80.23571521831374,13.473858368899293,0.0],[80.23519807512335,13.474003205220194,0.0],[80.23474111779777,13.474509571037174,0.0],[80.23365172328079,13.475531410700912,0.0],[80.23276562598465,13.476833368064982,0.0],[80.23188410452775,13.478053970781609,0.0],[80.23113192639343,13.479387504750537,0.0],[80.23037970819041,13.480644205962939,0.0],[80.229424322537,13.48199137243651,0.0],[80.22881972088429,13.482890976505553,0.0],[80.22842258922171,13.482949884312388,0.0],[80.22696811865254,13.483524411232821,0.0],[80.22609540403805,13.483795910907212,0.0],[80.22600787288633,13.484333755572536,0.0],[80.22588809235484,13.485070467595476,0.0],[80.22519546908508,13.485314777877402,0.0],[80.22372237721467,13.485563895562638,0.0],[80.22226305879107,13.485605105845867,0.0],[80.22066977883775,13.48555144736514,0.0],[80.21916429033067,13.485624291556396,0.0],[80.21764495463874,13.485719729619188,0.0],[80.21618567159736,13.485864851090996,0.0],[80.2152032791342,13.485961326105585,0.0],[80.21386853509276,13.48609239584236,0.0],[80.21383049420166,13.486096131431372,0.0],[80.21451162794177,13.489799219209692,0.0],[80.21459856161927,13.49027183092718,0.0],[80.21256656865177,13.490362887850031,0.0],[80.2106038559909,13.490476504440545,0.0],[80.21059502440767,13.49041566157966,0.0],[80.21027521302017,13.488212373985505,0.0],[80.2100669193989,13.486770741017411,0.0],[80.20995130316803,13.48627816015245,0.0],[80.20991207285503,13.486293830576738,0.0],[80.2091247605437,13.486608338189546,0.0],[80.20757780775362,13.487024603116993,0.0],[80.2062340871821,13.487558303041366,0.0],[80.2054398634124,13.487892976347606,0.0],[80.20467329634019,13.488064942049741,0.0],[80.2033202624598,13.488381695419656,0.0],[80.20274298663017,13.488381861999908,0.0],[80.20169471500742,13.488585534008386,0.0],[80.20017538169256,13.488775775283814,0.0],[80.19860062147093,13.48894794178453,0.0],[80.19712284330535,13.489124594245563,0.0],[80.19567737286656,13.48923795710787,0.0],[80.19420419144807,13.489351318389753,0.0],[80.19310044685541,13.489383230765258,0.0],[80.19268483875064,13.489509877063742,0.0],[80.19183058658169,13.489975587747251,0.0],[80.19108246178709,13.490088753823377,0.0],[80.18948919223492,13.490174999818569,0.0],[80.18891191792989,13.49019321184746,0.0],[80.18804371442583,13.490292838822391,0.0],[80.18723552244293,13.49028850174868,0.0],[80.1865290160092,13.490650214095934,0.0],[80.18482949570475,13.490623468884074,0.0],[80.18344402273668,13.490623762651072,0.0],[80.18197541877333,13.490605988296817,0.0],[80.18049757541714,13.490579167333376,0.0],[80.17937534869823,13.490606503357961,0.0],[80.17893661931134,13.490624665061318,0.0],[80.17749119575727,13.491072362452162,0.0],[80.17712169740794,13.49117182959494,0.0],[80.17622111413556,13.490738157148254,0.0],[80.17489554688198,13.490015283971227,0.0],[80.17437825716495,13.489757765956687,0.0],[80.17408270153771,13.489816568830301,0.0],[80.17353778602063,13.490015516765482,0.0],[80.17320066589033,13.490074328064367,0.0],[80.17232771777685,13.48948242625593,0.0],[80.17175499755491,13.489120965438302,0.0],[80.17081284708249,13.488904185075683,0.0],[80.1692657231096,13.488759803574752,0.0],[80.16615762117706,13.488425821040554,0.0],[80.16456432430108,13.488299497079286,0.0],[80.16304492787515,13.488227385162386,0.0],[80.16241223826839,13.488254582222437,0.0],[80.16198274776039,13.488268192790176,0.0],[80.1615394148136,13.488372194705818,0.0],[80.1605834867343,13.488688670010964,0.0],[80.16006625499824,13.488747483326872,0.0],[80.15863464774979,13.489064006166606,0.0],[80.15734161202838,13.489642633225682,0.0],[80.15587769984992,13.490266464880621,0.0],[80.15451997788693,13.490650747628017,0.0],[80.15384111842118,13.490885821970682,0.0],[80.15378498207573,13.490829035352935,0.0],[80.1532961138238,13.490334499808778,0.0],[80.15329586278726,13.490334585320907,0.0],[80.1528712482746,13.490479159507492,0.0],[80.15174904675787,13.49082725167423,0.0],[80.15132417246258,13.49088152016225,0.0],[80.1507469044241,13.491039746410294,0.0],[80.15024810819733,13.490709867451121,0.0],[80.14995254284565,13.490750564448417,0.0],[80.14957385667006,13.490877136274985,0.0],[80.14837775806286,13.491252335553046,0.0],[80.14800830082838,13.491283998045189,0.0],[80.14654893500855,13.491324768005917,0.0],[80.14515943758036,13.491414308157243,0.0],[80.14514498957571,13.491415239561391,0.0],[80.1451730544776,13.491617697421383,0.0],[80.14521891376721,13.49194852851952,0.0],[80.14522402418856,13.49209165012153,0.0],[80.14523279176416,13.492337200308521,0.0],[80.14546840097071,13.493607147364637,0.0],[80.14578259393893,13.495988869926753,0.0],[80.1459952965825,13.4972100106265,0.0],[80.14606441367398,13.497606808898615,0.0],[80.14594436705315,13.498099434587939,0.0],[80.14553341595821,13.49948692499798,0.0],[80.14461328377406,13.501327495360382,0.0],[80.1431616534209,13.502204164630305,0.0],[80.14111561613726,13.503311295916472,0.0],[80.13984548494527,13.50407957063313,0.0],[80.13921277556409,13.504273795480911,0.0],[80.13846917906385,13.504332541278231,0.0],[80.13798427954683,13.504233055783887,0.0],[80.1372868373306,13.504007072536165,0.0],[80.13703285386475,13.503866921428454,0.0],[80.13632626819147,13.503478244487564,0.0],[80.13428504822421,13.501941473902681,0.0],[80.13325453543355,13.501456580103524,0.0],[80.13320895891658,13.501435134427737,0.0],[80.13238230707508,13.50146217943305,0.0],[80.1317079652468,13.501435034342272,0.0],[80.13075190582742,13.501728725177466,0.0],[80.1297081131658,13.502261907507009,0.0],[80.12876585933975,13.502664038755064,0.0],[80.12770815389099,13.503816364419329,0.0],[80.1271076770189,13.504313416445482,0.0],[80.1267381769907,13.504634234521749,0.0],[80.12610539694899,13.504566398186453,0.0],[80.12585598978735,13.504453337565902,0.0],[80.12480768295741,13.503806972162408,0.0],[80.12428124891461,13.503571893942857,0.0],[80.12379172752406,13.503472364880356,0.0],[80.12312203470604,13.50347229157932,0.0],[80.12059567851037,13.503639165512931,0.0],[80.11883604123689,13.503693194984015,0.0],[80.11775062828731,13.503846697407877,0.0],[80.11717788831609,13.503973124427581,0.0],[80.11627723584802,13.504420397224388,0.0],[80.11440194481958,13.505414381899437,0.0],[80.11302558445894,13.505906714660789,0.0],[80.11277148925826,13.505947357193003,0.0],[80.11274366783537,13.505887139829644,0.0],[80.1125961151694,13.50556776932013,0.0],[80.11202835383648,13.503805082450487,0.0],[80.11181618760624,13.502250359295411,0.0],[80.11189719883772,13.501327619389528,0.0],[80.11204059916365,13.50064813681084,0.0],[80.11220225972949,13.500449293768156,0.0],[80.11263183069768,13.499694580633605,0.0],[80.11283970501918,13.499088991963273,0.0],[80.11275199463704,13.498569250959212,0.0],[80.11230873419838,13.497204350206731,0.0],[80.11202711416776,13.495929848621689,0.0],[80.1119819386518,13.49569636541785,0.0],[80.11151469190689,13.493281421906358,0.0],[80.11119149893513,13.492210290363268,0.0],[80.11102988577123,13.491893917688417,0.0],[80.10996778311979,13.490768491646584,0.0],[80.10889184016551,13.489584307703367,0.0],[80.10883920950171,13.48953279356852,0.0],[80.10821302345448,13.488919890581416,0.0],[80.1078214066678,13.48909985429389,0.0],[80.1072985774523,13.489340113841862,0.0],[80.10639797057021,13.489873320637304,0.0],[80.10598683198786,13.490998619609748,0.0],[80.10583900644976,13.491405355204643,0.0],[80.10515991279048,13.493353161310324,0.0],[80.10380226090271,13.492227680063923,0.0],[80.10093461074737,13.489845611430308,0.0],[80.10093854522519,13.489840259116324,0.0],[80.1012322619253,13.48944070005954,0.0],[80.10123760167448,13.489433436008222,0.0],[80.10130002707862,13.489348514835548,0.0],[80.10180000243072,13.488668364053598,0.0],[80.10186211979565,13.48858386111027,0.0],[80.10306394899061,13.486948897697857,0.0],[80.10295342659417,13.486967043949724,0.0],[80.10295336822197,13.48696705396683,0.0],[80.1028108177839,13.486990457349217,0.0],[80.10235622674422,13.487065089480174,0.0],[80.10224889056607,13.487082710586302,0.0],[80.0992400205842,13.487576646767446,0.0],[80.09870593898013,13.4876253609128,0.0],[80.0982009163082,13.487671421581487,0.0],[80.09691705230172,13.487730004531429,0.0],[80.09403991467782,13.487788351418532,0.0],[80.09232655868658,13.487833287619164,0.0],[80.09077945426068,13.487900837128564,0.0],[80.08853962326478,13.487959221333668,0.0],[80.08463257413915,13.488265852960081,0.0],[80.08305312602266,13.488392101763969,0.0],[80.08094720388202,13.488509196246437,0.0],[80.0788689564948,13.488766381990333,0.0],[80.07819007003536,13.48881143484733,0.0],[80.07820371249935,13.489778596200695,0.0],[80.07814360312801,13.49010850214761,0.0],[80.0781895348399,13.49125193003823,0.0],[80.07814317755856,13.492047340164376,0.0],[80.077953684681,13.492702618297642,0.0],[80.0777147007238,13.493501773373106,0.0],[80.07734823933903,13.494727194195514,0.0],[80.07721412958706,13.495522586003483,0.0],[80.07717244608001,13.496051350465377,0.0],[80.07721806825819,13.49856416346,0.0],[80.07723156222235,13.500186643317146,0.0],[80.07700988693905,13.50131954102642,0.0],[80.07679845270687,13.503837115614903,0.0],[80.07676086997226,13.505821084848858,0.0],[80.07676503629378,13.507195054047108,0.0],[80.07661973008163,13.513630651003785,0.0],[80.07680786805653,13.51740440610605,0.0],[80.07682928506766,13.518372217106817,0.0],[80.0768305715124,13.518430329243294,0.0],[80.0769370861335,13.51977429067733,0.0],[80.07695020960004,13.51993987908897,0.0],[80.07707338732533,13.524400579728608,0.0],[80.07711435345165,13.526285138179004,0.0],[80.07711822439474,13.526358223271702,0.0],[80.07714188573382,13.526804905627197,0.0],[80.07738661071045,13.526999323375467,0.0],[80.07887366946495,13.52795340182503,0.0],[80.07970018027471,13.528866555196277,0.0],[80.081362262832,13.531081581035407,0.0],[80.08198560382142,13.531972074977286,0.0],[80.08284446089672,13.532799403063303,0.0],[80.08439159442855,13.533748872636204,0.0],[80.0863359919027,13.534590076595618,0.0],[80.08857214584087,13.535375605342564,0.0],[80.08864062303918,13.535399659909812,0.0],[80.08779938142061,13.537365431898111,0.0],[80.08761947474059,13.537687875931992,0.0],[80.08760529476753,13.537713290212555,0.0],[80.08605246230726,13.5406370060658,0.0],[80.08382009309005,13.544762546225634,0.0],[80.08125942940346,13.54975122806282,0.0],[80.08119440751535,13.549704149525429,0.0],[80.07948602169343,13.548467198024673,0.0],[80.07837770254588,13.547639760145557,0.0],[80.07602681631148,13.546590553096847,0.0],[80.07150941670504,13.545540545540108,0.0],[80.0684009919046,13.544613030362983,0.0],[80.06728778957864,13.544431856833192,0.0],[80.06585562116724,13.545131800911106,0.0],[80.06550904845703,13.545253763907922,0.0],[80.0654605326122,13.545270620962206,0.0],[80.06488541846001,13.54547044866295,0.0],[80.06410925621897,13.54562379612198,0.0],[80.06275136151955,13.54535670668231,0.0],[80.06109354761392,13.543945980184876,0.0],[80.06107117263656,13.543919184947764,0.0],[80.05981005533113,13.542408928065594,0.0],[80.05929491932784,13.541543620944699,0.0],[80.05800973106597,13.539384766817488,0.0],[80.05693460264946,13.536636519806757,0.0],[80.05690171011707,13.536638911830583,0.0],[80.05384433201391,13.53686122329787,0.0],[80.05009805508372,13.537221218677391,0.0],[80.04673516220332,13.537554245083072,0.0],[80.04532165995339,13.537567185202489,0.0],[80.0430445179847,13.537453197079554,0.0],[80.04253173799755,13.537597550532364,0.0],[80.04107153503834,13.538686071580381,0.0],[80.03980114234525,13.539006303320548,0.0],[80.03811053229894,13.538992033834289,0.0],[80.03806378283991,13.53898436669921,0.0],[80.03797193687353,13.53896930313874,0.0],[80.03793030776343,13.538959900442439,0.0],[80.03614755461479,13.53855723314285,0.0],[80.03547784833103,13.538434850769516,0.0],[80.03421689232543,13.538307698397967,0.0],[80.03411992757033,13.53831216384197,0.0],[80.03183328939134,13.538460212147061,0.0],[80.02896924101684,13.538784197100139,0.0],[80.0284380669333,13.538824564319752,0.0],[80.02802658250437,13.539438948076771,0.0],[80.02619591476474,13.54226720736117,0.0],[80.02581214027124,13.54294943168248,0.0],[80.0245913840379,13.545158744437312,0.0],[80.02389807618583,13.546035208542518,0.0],[80.02385602159711,13.54604889324059,0.0],[80.02366242725118,13.546111887167887,0.0],[80.02324671147949,13.545985144762794,0.0],[80.02177373796377,13.544953885814559,0.0],[80.02110363927153,13.545500359478599,0.0],[80.02014692925744,13.546394709283078,0.0],[80.01871466486384,13.546900084972888,0.0],[80.016894477852,13.547179273856056,0.0],[80.01512525555374,13.547264153014428,0.0],[80.01337919218267,13.547150188067274,0.0],[80.01208127244028,13.546676210566364,0.0],[80.01169354495715,13.546534617107344,0.0],[80.01024802926075,13.54603211853642,0.0],[80.00841369578188,13.545607184223142,0.0],[80.00774464831927,13.545452189335068,0.0],[80.00553220694718,13.545256513412467,0.0],[80.00425749313955,13.544862523318564,0.0],[80.00344473788347,13.544441765378556,0.0],[80.00189804423918,13.543238611167059,0.0],[80.00108095215528,13.542551179826862,0.0],[80.00076696644567,13.542270819644195,0.0],[80.00050841639744,13.542171225778056,0.0],[79.9997230235912,13.542310800199495,0.0],[79.99859971387332,13.54272382394185,0.0],[79.99859986752695,13.537635756959633,0.0],[79.99859987428188,13.537427036389191,0.0],[79.99859987684435,13.53735727907865,0.0],[79.99859997020232,13.534280391331345,0.0],[79.9993413248975,13.532589337723609,0.0],[79.99965643856613,13.531107157346401,0.0],[80.00020273685858,13.529146103961462,0.0],[80.00032788942848,13.528413998760769,0.0],[80.00033463732036,13.528317341897843,0.0],[80.00051761095872,13.525696324572566,0.0],[80.00051907078242,13.52567541289254,0.0],[80.00197870946147,13.52559044571752,0.0],[80.00517967379696,13.525479417421382,0.0],[80.00692100533642,13.52556626502161,0.0],[80.00799235954796,13.525806483843114,0.0],[80.0109155879602,13.526788864006964,0.0],[80.01361688326908,13.528132723839505,0.0],[80.01686319006672,13.529490362185303,0.0],[80.01765305742629,13.529558577481321,0.0],[80.0176260368469,13.528275033008601,0.0],[80.01769599371211,13.527154284423816,0.0],[80.01795563077714,13.525486709682879,0.0],[80.01827100083392,13.523263354235564,0.0],[80.0188725954664,13.521112444993497,0.0],[80.01907236952238,13.520491026258123,0.0],[80.01907866593713,13.520471439117332,0.0],[80.0192473871403,13.519946609095983,0.0],[80.01952036518745,13.51925076783493,0.0],[80.01991777471072,13.518930116403459,0.0],[80.02160411519453,13.518004550119521,0.0],[80.02306858421977,13.517377200889461,0.0],[80.02388197798683,13.516564102730838,0.0],[80.02513905163734,13.515177297012357,0.0],[80.0265851550208,13.51420184009182,0.0],[80.02718585279095,13.513700477591065,0.0],[80.0297761494843,13.515270098329003,0.0],[80.0311427394365,13.516301204758715,0.0],[80.03360392551767,13.517468383928646,0.0],[80.03501692131364,13.518151547279919,0.0],[80.03552034671942,13.518305431562748,0.0],[80.0368230350716,13.517759150452259,0.0],[80.0385553982629,13.517158878601274,0.0],[80.04148425022969,13.515926498020939,0.0],[80.04447324179857,13.514517737547328,0.0],[80.0464643640677,13.513510816041803,0.0],[80.04804904640501,13.512530752213985,0.0],[80.04842321278778,13.512250756073453,0.0],[80.04809158608637,13.510266599604067,0.0],[80.04775123850686,13.507089230143652,0.0],[80.04725003221341,13.50223516868294,0.0],[80.04718198625206,13.501305890389865,0.0],[80.04676457843048,13.497981831877576,0.0],[80.04661829767302,13.49368380513954,0.0],[80.04656440486207,13.493697041092872,0.0],[80.0431265493869,13.494541301068226,0.0],[80.04039217713982,13.495412578700183,0.0],[80.03526981179904,13.497001516730956,0.0],[80.0330712427362,13.497561079023852,0.0],[80.03090501989634,13.498052842364153,0.0],[80.02999975948201,13.498188061981216,0.0],[80.02759819840877,13.498187084986922,0.0],[80.02338623610385,13.498171758087901,0.0],[80.01893872969111,13.498169811766557,0.0],[80.0159045541351,13.497951506492594,0.0],[80.01589996477426,13.497901851697387,0.0],[80.01587698646846,13.497653212361733,0.0],[80.01582444353856,13.497637837476054,0.0],[80.01556759918613,13.497562681578781,0.0],[80.01498128754095,13.497101431123639,0.0],[80.01496378745689,13.497078435434016,0.0],[80.01460282229891,13.496604117818785,0.0],[80.01443679815317,13.496115942556097,0.0],[80.014451636091,13.496002629781717,0.0],[80.01449242455277,13.495691142499947,0.0],[80.01481668382172,13.493671109577503,0.0],[80.01483120209848,13.492297210922285,0.0],[80.01491964030113,13.490864592893729,0.0],[80.01494293066213,13.490453335792678,0.0],[80.0158395524208,13.489025609483004,0.0],[80.01529495334215,13.488297730742927,0.0],[80.01433025417963,13.487257816548167,0.0],[80.01389654542194,13.48643507892483,0.0],[80.01378597189299,13.485897216375479,0.0],[80.01369845174499,13.485436192176172,0.0],[80.01351846373765,13.485192059189464,0.0],[80.01319524477212,13.485087960702105,0.0],[80.0130428664276,13.485047214635221,0.0],[80.01263640571707,13.485178086838157,0.0],[80.01220215633117,13.48547164478585,0.0],[80.01200838502645,13.485311182043517,0.0],[80.01184425795012,13.485175268604738,0.0],[80.01175437954758,13.485100839415653,0.0],[80.0098342182498,13.48314752831665,0.0],[80.00762306964663,13.481352238336699,0.0],[80.00749053647432,13.478640515286779,0.0],[80.00582029083094,13.478627513331356,0.0],[79.99868964372529,13.478571786234175,0.0],[79.99860166254767,13.478571096218007,0.0],[79.99854515627835,13.478572790517761,0.0],[79.99237007790717,13.478757768905867,0.0],[79.98761845881637,13.47903121091715,0.0],[79.98407731855198,13.479578614753192,0.0],[79.98406633767215,13.479519011250414,0.0],[79.98405256389533,13.479444247073953,0.0],[79.98405198512692,13.479441103032318,0.0],[79.9840395170668,13.479373423166482,0.0],[79.98403841787004,13.479367459735805,0.0],[79.98403760759457,13.47936306333806,0.0],[79.98402082518555,13.479271961429772,0.0],[79.98401557183175,13.47924344742583,0.0],[79.98239685066473,13.470456355847313,0.0],[79.98234859951849,13.470449757468385,0.0],[79.98219073564651,13.470428167861122,0.0],[79.97277777574148,13.469140567944287,0.0],[79.97242033208127,13.469091660507132,0.0],[79.97241612626291,13.469046569020529,0.0],[79.9720452345842,13.465069996917075,0.0],[79.97269988830189,13.464345967139488,0.0],[79.9726045463457,13.462244633892123,0.0],[79.9721395794113,13.459958433683562,0.0],[79.97269649099437,13.458687695256666,0.0],[79.9721356876456,13.447453296898255,0.0],[79.97209652327514,13.445548847790173,0.0],[79.97203652660676,13.442631305347042,0.0],[79.97126574583943,13.440668827401407,0.0],[79.97126021105144,13.440654734005197,0.0],[79.97110514022525,13.440259905062558,0.0],[79.97287274630021,13.43971515629376,0.0],[79.97231532877265,13.437343227320111,0.0],[79.97352262192794,13.435606112412469,0.0],[79.97278138281546,13.433871685059257,0.0],[79.97240558005682,13.432597767758137,0.0],[79.9724960832889,13.431318694469859,0.0],[79.9733387159497,13.429672476715,0.0],[79.97328077904261,13.429620596791068,0.0],[79.97278431398067,13.429176036903197,0.0],[79.97221998539807,13.428670702782203,0.0],[79.9707282779223,13.42839700933574,0.0],[79.97072822099035,13.428355391373426,0.0],[79.97072677333765,13.427298818597052,0.0],[79.97066904509852,13.42729422535833,0.0],[79.96960925071635,13.427209891297892,0.0],[79.96886128781414,13.427210894708033,0.0],[79.9680249820771,13.42675562591088,0.0],[79.96790477061393,13.426755337124096,0.0],[79.96681074091629,13.426752697182087,0.0],[79.96658817720095,13.426713748001541,0.0],[79.96578550563686,13.426573275376029,0.0],[79.96577737183362,13.42652988496676,0.0],[79.9655110793159,13.425109352925721,0.0],[79.9654615696524,13.425101743072002,0.0],[79.96317896559485,13.424750859687082,0.0],[79.96313491380545,13.424700962910984,0.0],[79.96196746317773,13.42337861455812,0.0],[79.96195458879335,13.423377608372355,0.0],[79.95963561143994,13.423196325272416,0.0],[79.95749383436244,13.423560698259644,0.0],[79.95745944656444,13.423504822344322,0.0],[79.95665178061077,13.422192428804358,0.0],[79.9566275486924,13.42219529474939,0.0],[79.95506840913052,13.42237968613588,0.0],[79.95506853815097,13.422475508828159,0.0],[79.95506988397939,13.423473418877746,0.0],[79.95572321960857,13.425208033548982,0.0],[79.95255213759154,13.425844818348178,0.0],[79.9525202089421,13.425787859097245,0.0],[79.95152939159055,13.42402029093998,0.0],[79.95149824638631,13.424016211279838,0.0],[79.94947906172122,13.423751711753455,0.0],[79.94817875558962,13.425027839197211,0.0],[79.94529284655472,13.424755706601722,0.0],[79.941561806612,13.425108878958445,0.0],[79.94147041299377,13.425117528729213,0.0],[79.93960960774221,13.42502941134293,0.0],[79.93961708797059,13.424981055785414,0.0],[79.93979280635922,13.423845085609404,0.0],[79.9410978632499,13.42265490331881,0.0],[79.94109538615062,13.420738635683312,0.0],[79.94203140878774,13.41973425630147,0.0],[79.94183823501896,13.416720041829587,0.0],[79.94178350549777,13.416720107648901,0.0],[79.94063853493391,13.416721475054496,0.0],[79.94016227944687,13.416722041248805,0.0],[79.93929837680254,13.416424925211663,0.0],[79.93857799157941,13.416177164079322,0.0],[79.93699528331562,13.416816372953935,0.0],[79.9345709523961,13.416453212302253,0.0],[79.93465493763377,13.416423168494976,0.0],[79.93662449643055,13.415718594954892,0.0],[79.93720216862502,13.415292214821298,0.0],[79.9377407608371,13.41489467567465,0.0],[79.93838905172494,13.412796870636981,0.0],[79.94221173395273,13.412796717294585,0.0],[79.94249108569001,13.411060957251115,0.0],[79.94242767536062,13.411041962233405,0.0],[79.94142419891884,13.410741365650981,0.0],[79.9414214371337,13.410706489677208,0.0],[79.94137732060898,13.410149394860333,0.0],[79.94254046721343,13.409962663804965,0.0],[79.94253943454797,13.409144597851252,0.0],[79.94365637338859,13.408917312360266,0.0],[79.94365511720058,13.407959170424432,0.0],[79.94531173255251,13.407774439243164,0.0],[79.94570466597885,13.407730619045438,0.0],[79.9444516654148,13.406267978648703,0.0],[79.94416827429136,13.40494861906617,0.0],[79.94323271786544,13.402568060065324,0.0],[79.94193384379282,13.401340399822473,0.0],[79.94184083041397,13.400789132598453,0.0],[79.94178821660674,13.400772174879725,0.0],[79.94128201412528,13.40060902182463,0.0],[79.94128958750784,13.400578831074089,0.0],[79.94137385925876,13.400242876639929,0.0],[79.94249058229904,13.399925125567709,0.0],[79.94298845555042,13.399709446909903,0.0],[79.94301030003167,13.399699983294363,0.0],[79.94323344256927,13.399603312577742,0.0],[79.94346768875951,13.398649467190104,0.0],[79.94430715111072,13.398056340527688,0.0],[79.94435636569695,13.39686770057949,0.0],[79.94658998092444,13.396318096189109,0.0],[79.94724148466842,13.396728499467196,0.0],[79.94840900700125,13.396410725402408,0.0],[79.95143783508847,13.396772940506187,0.0],[79.95404640210114,13.396954899124935,0.0],[79.95623481937442,13.397137397811283,0.0],[79.95847250488289,13.39617637269979,0.0],[79.95925298545899,13.396037670125661,0.0],[79.95949715527559,13.39599427481486,0.0],[79.96145394358713,13.395598571001775,0.0],[79.96163739025323,13.39468539936503,0.0],[79.96256922167339,13.39423227054895,0.0],[79.96275461762832,13.39135767571092,0.0],[79.96257054106259,13.38843839918583,0.0],[79.9625141579634,13.38842433162239,0.0],[79.96145302486548,13.388159578626246,0.0],[79.96145297324605,13.388122281966812,0.0],[79.96145157976972,13.38711111167153,0.0],[79.96135380170195,13.386469495121235,0.0],[79.96129678235431,13.3864293756846,0.0],[79.96084091021042,13.386108617264068,0.0],[79.96083968096265,13.38609721314746,0.0],[79.96074737154717,13.385240993457776,0.0],[79.96023776021917,13.383872274687393,0.0],[79.95949238637161,13.38227340166318,0.0],[79.95846611784044,13.381181036790405,0.0],[79.95814071257888,13.379536426929777,0.0],[79.95812489863413,13.379474796545074,0.0],[79.95804795717935,13.379174950329627,0.0],[79.9579959501069,13.379150356670277,0.0],[79.95534120787866,13.377894926350061,0.0],[79.95389989140611,13.377119428386743,0.0],[79.95157058718071,13.378442102259799,0.0],[79.94998901684588,13.37981343105111,0.0],[79.94970402886139,13.380726690580063,0.0],[79.94967420845987,13.380742564868166,0.0],[79.94909971683624,13.381048388925036,0.0],[79.94858936702309,13.382599157020376,0.0],[79.94821631909761,13.383236880072442,0.0],[79.94818539865594,13.383137439612414,0.0],[79.94803089885175,13.382640556811166,0.0],[79.9482146758777,13.38200756765802,0.0],[79.94815013584547,13.381975298925521,0.0],[79.94765578264054,13.381728131862971,0.0],[79.94667672437667,13.381363221784364,0.0],[79.9461641492699,13.381273451951804,0.0],[79.94565244066546,13.381775760618021,0.0],[79.9450476942762,13.381776516395341,0.0],[79.94508553364018,13.381724849607043,0.0],[79.9458523085229,13.380677877146205,0.0],[79.94728716362945,13.3787186474649,0.0],[79.94807660553737,13.378762827034137,0.0],[79.94816828586472,13.3782656135323,0.0],[79.94779829618714,13.377759884670335,0.0],[79.9479365373207,13.377529217849537,0.0],[79.94854139615921,13.377668513712603,0.0],[79.94886930799368,13.377808246542207,0.0],[79.94919223756983,13.37766776045811,0.0],[79.94900633022016,13.376664676875565,0.0],[79.94867727731928,13.375661723725438,0.0],[79.94947095617327,13.37547998416341,0.0],[79.94910076182036,13.374793496564227,0.0],[79.94906952535642,13.3747935362788,0.0],[79.94849604605915,13.374794266816034,0.0],[79.94848854883496,13.374742578560365,0.0],[79.94844950572434,13.374473421526176,0.0],[79.948394927458,13.374453060092645,0.0],[79.9480753995005,13.374333851990821,0.0],[79.94806670185707,13.374301050216172,0.0],[79.94644256540377,13.368175911009388,0.0],[79.94639751113733,13.368177953855398,0.0],[79.94541788304184,13.368222372412701,0.0],[79.94541781283702,13.368168145050143,0.0],[79.94541613799582,13.366852968142322,0.0],[79.9458359806632,13.3667168832165,0.0],[79.94583961601552,13.365984684142317,0.0],[79.94625504944926,13.365984212591995,0.0],[79.9460691078442,13.364926859771478,0.0],[79.94569467932106,13.364516057230013,0.0],[79.945647504804,13.363738787556576,0.0],[79.9455881282044,13.363687316978956,0.0],[79.94540488427053,13.363528478528455,0.0],[79.94527785738184,13.363418367204952,0.0],[79.94290088703471,13.363556912117055,0.0],[79.94219928385692,13.363557795968307,0.0],[79.94221516404787,13.36350623910932,0.0],[79.94290252511614,13.36127457672047,0.0],[79.94282720146815,13.361274670097282,0.0],[79.94099162044871,13.361276941393237,0.0],[79.9409987333181,13.361225429476299,0.0],[79.9411745055714,13.359952517069422,0.0],[79.93800714295625,13.355522859161608,0.0],[79.9379897237754,13.355530473412019,0.0],[79.93591275327165,13.356438279568607,0.0],[79.9358897158107,13.35637101492347,0.0],[79.93511595289488,13.35411174759472,0.0],[79.93507749518399,13.354122242751332,0.0],[79.93376866939072,13.354479416951738,0.0],[79.93374640074668,13.35441797779495,0.0],[79.93325455778955,13.353060961995658,0.0],[79.9331146960687,13.351917721262657,0.0],[79.93305979640397,13.351905479120742,0.0],[79.93130022422841,13.351513082083374,0.0],[79.92976274039628,13.354800603500355,0.0],[79.9292051670617,13.355619248569669,0.0],[79.92757176110763,13.35602786976067,0.0],[79.92775746597235,13.356895395439532,0.0],[79.92749272739432,13.356936126963662,0.0],[79.9265437356575,13.357082130336847,0.0],[79.92528985869811,13.358358088588988,0.0],[79.92109992080428,13.359321018527348,0.0],[79.91597242279576,13.359869173362043,0.0],[79.91596584044161,13.359812701782257,0.0],[79.9159602582891,13.359764817167717,0.0],[79.91578595362596,13.358269529664307,0.0],[79.91681047420381,13.358083042970598,0.0],[79.91532047274275,13.354889453365852,0.0],[79.91336035987226,13.352243288017242,0.0],[79.91490117532965,13.351563646919312,0.0],[79.91471080232509,13.350605738565127,0.0],[79.91517691960937,13.35060520733305,0.0],[79.91485096144821,13.348138024137363,0.0],[79.91479669995795,13.34812877504798,0.0],[79.9124273707167,13.347724891788891,0.0],[79.91038217016998,13.347270717448277,0.0],[79.90908255095601,13.34618066286194,0.0],[79.90842333377421,13.345627735337198,0.0],[79.90777190994591,13.345081612792788,0.0],[79.90515776291082,13.34352980558869,0.0],[79.90514863938269,13.343509376226274,0.0],[79.90446375670506,13.341975840414857,0.0],[79.90381123431824,13.340426346779257,0.0],[79.90376986377393,13.340419914162608,0.0],[79.90176162775792,13.340107663115127,0.0],[79.90017777258794,13.33937276858838,0.0],[79.89831945791188,13.3381338300604,0.0],[79.89812704164288,13.338005544127386,0.0],[79.89636286724044,13.336967907425025,0.0],[79.89515333628583,13.336688910878264,0.0],[79.89426731014868,13.33678478169838,0.0],[79.8921702638613,13.335232260284139,0.0],[79.89002390130668,13.334958753183313,0.0],[79.88681178018876,13.335097603881502,0.0],[79.88499208069243,13.333861103041801,0.0],[79.88456596917901,13.33357404127769,0.0],[79.88350497720954,13.33285926336336,0.0],[79.88350373265496,13.33284890643841,0.0],[79.8833186929594,13.33130929162721,0.0],[79.88289761517056,13.330256668095474,0.0],[79.88261935944927,13.328892085366592,0.0],[79.88262270867273,13.327703497342915,0.0],[79.88294337597145,13.325420772814404,0.0],[79.88289966272258,13.3233193146717,0.0],[79.88284115504102,13.323357518010473,0.0],[79.88178361788373,13.324048038142811,0.0],[79.88084748986932,13.324781078601477,0.0],[79.88079010410085,13.324728853036884,0.0],[79.88024237087542,13.324230372416666,0.0],[79.88023691463859,13.324230377845332,0.0],[79.8798223896555,13.324230784504906,0.0],[79.87940240843308,13.324231195367194,0.0],[79.87842418207298,13.324417437214452,0.0],[79.87763488173931,13.324278071281604,0.0],[79.87581796473907,13.325694470650234,0.0],[79.87386343887319,13.327244897715572,0.0],[79.87155199608608,13.328740106731042,0.0],[79.86969358845678,13.330246872658492,0.0],[79.86812346614398,13.331037111995522,0.0],[79.86806527340204,13.331066400403055,0.0],[79.86805280820322,13.330992773986429,0.0],[79.8679260298784,13.330243957538297,0.0],[79.8675512599229,13.32928623849881,0.0],[79.86694989365327,13.327872196773102,0.0],[79.86569581402865,13.32440686812441,0.0],[79.8647665557025,13.322717521562089,0.0],[79.86387813394937,13.32020547782669,0.0],[79.86325264165389,13.317648021738277,0.0],[79.86332191433223,13.317697667676669,0.0],[79.86274440606358,13.317033900096176,0.0],[79.86280893845672,13.316920846069292,0.0],[79.86270856884187,13.316927041521025,0.0],[79.86206596891888,13.316966708297377,0.0],[79.86039107577116,13.317379462803789,0.0],[79.85890104784177,13.318013543066863,0.0],[79.85829733668056,13.318881807901683,0.0],[79.85773486258617,13.31951952509517,0.0],[79.85652176308197,13.320117244817363,0.0],[79.85475454204162,13.320525493143002,0.0],[79.85354557270647,13.32070733612644,0.0],[79.85353366451294,13.320650773274247,0.0],[79.8534019263352,13.320025032293588,0.0],[79.85340530272295,13.318700878781979,0.0],[79.85331125853803,13.316829896890507,0.0],[79.85326434860345,13.315962161904679,0.0],[79.85320651316516,13.315962214389941,0.0],[79.85168142623964,13.315963589608463,0.0],[79.85103091213901,13.316099679300866,0.0],[79.85070339194827,13.316330462178446,0.0],[79.85056497623366,13.316375816053235,0.0],[79.85051209728823,13.316324127345295,0.0],[79.8504726158487,13.316285533430545,0.0],[79.85047249282425,13.316145405133918,0.0],[79.85041202294707,13.316125284993898,0.0],[79.85005245976099,13.316005648349911,0.0],[79.84958627394955,13.316006059028474,0.0],[79.84916669672678,13.31637251693363,0.0],[79.84855409643205,13.31649702188798,0.0],[79.8480500743391,13.316599459852862,0.0],[79.84762991220158,13.316328630315008,0.0],[79.84758854060674,13.316291829144864,0.0],[79.8471679819709,13.315917719785183,0.0],[79.84641986372748,13.315281077843306,0.0],[79.84641613940697,13.315280308884986,0.0],[79.84572283455148,13.315137109961283,0.0],[79.84385384379081,13.31513868286747,0.0],[79.84138950679507,13.315185880467345,0.0],[79.8405953204313,13.314635173881882,0.0],[79.8382696358844,13.314912787149279,0.0],[79.83668699135657,13.31523046999901,0.0],[79.83666874895357,13.315173129080867,0.0],[79.8364972403058,13.314634030894487,0.0],[79.83608615996286,13.3142230540178,0.0],[79.83607696307723,13.314225530631141,0.0],[79.83421758555774,13.314726276113882,0.0],[79.83258912786108,13.315414480461268,0.0],[79.82978005432662,13.3172109459269,0.0],[79.82979098821436,13.317116603503324,0.0],[79.82979839345936,13.317052711383251,0.0],[79.8297260005749,13.317107058529688,0.0],[79.82918965169684,13.317509706186188,0.0],[79.82800492554439,13.317382619208223,0.0],[79.82793424440827,13.317375037088425,0.0],[79.82653605871111,13.317507204667967,0.0],[79.82351339542807,13.317694809074633,0.0],[79.81983555122099,13.31800941118155,0.0],[79.81823283814623,13.318362076664748,0.0],[79.81736234153945,13.31855361581917,0.0],[79.81630987387743,13.318238008188686,0.0],[79.81556216043677,13.318148119728223,0.0],[79.81356350070648,13.317647986291698,0.0],[79.81076658684702,13.3172793665435,0.0],[79.80897567418207,13.317254589466117,0.0],[79.80890213906964,13.317253571831484,0.0],[79.80899906836449,13.317235393418478,0.0],[79.80899538838814,13.31722275989593,0.0],[79.80899505032653,13.317221600183101,0.0],[79.80899336094808,13.317215798900744,0.0],[79.80899092912415,13.317207450602572,0.0],[79.80896353428034,13.31711340509092,0.0],[79.808949505262,13.317065243033058,0.0],[79.8089393386034,13.31703034195604,0.0],[79.80893149875908,13.317003426483316,0.0],[79.80853180422079,13.315631270160639,0.0],[79.80787995697585,13.31412678662764,0.0],[79.8069054648998,13.313033726631048,0.0],[79.80687315949054,13.313017255284024,0.0],[79.80583441953472,13.312487620617818,0.0],[79.8042509944496,13.311706866774728,0.0],[79.80422211996736,13.311674423927446,0.0],[79.80359976261929,13.31097515566003,0.0],[79.8035990825059,13.309971800198102,0.0],[79.80401840008055,13.309085678235613,0.0],[79.80458056997435,13.307901198251637,0.0],[79.80476483842115,13.30744464376405,0.0],[79.80457965852334,13.306667363352885,0.0],[79.80383149862958,13.305845349055703,0.0],[79.80370949062056,13.30524219472044,0.0],[79.80369256025861,13.305158499216901,0.0],[79.80323060986726,13.304431142333453,0.0],[79.80243585418735,13.303017122659794,0.0],[79.80169202795517,13.301783811218636,0.0],[79.80164502932347,13.30050479939997,0.0],[79.80158512013696,13.300482226944263,0.0],[79.80111292659154,13.300304313621664,0.0],[79.80043561913368,13.30004911489758,0.0],[79.79927222100444,13.299272551351018,0.0],[79.79925308882046,13.299252476560888,0.0],[79.7985748959422,13.298540870683897,0.0],[79.79796961195157,13.297402375044925,0.0],[79.79718006753522,13.296715877657748,0.0],[79.79716724872736,13.296709831608364,0.0],[79.7957352547603,13.296034418399307,0.0],[79.79364410065153,13.29484709033096,0.0],[79.79173280609734,13.293524142350828,0.0],[79.7911284448178,13.293705335373852,0.0],[79.79015056724701,13.294388350670053,0.0],[79.7888958758258,13.295026359257701,0.0],[79.78558829314329,13.296664492337793,0.0],[79.78470295612038,13.29766836990621,0.0],[79.78437162236499,13.299096711783054,0.0],[79.78385582105287,13.30083248187526,0.0],[79.78357954156318,13.30179079573278,0.0],[79.78302140757341,13.30220242359097,0.0],[79.78195086856394,13.302203049971862,0.0],[79.7813421418945,13.3028813328663,0.0],[79.78119992462925,13.304250795902584,0.0],[79.78092386321684,13.305575192791546,0.0],[79.78024890525847,13.306127417761262,0.0],[79.78022737347231,13.306145033368411,0.0],[79.78022707235608,13.3061406017503,0.0],[79.78022276260036,13.306077230246014,0.0],[79.78018221287986,13.306091340927143,0.0],[79.78017742102665,13.306093008544709,0.0],[79.78017098929519,13.30609524647117,0.0],[79.7801684234537,13.306096139839454,0.0],[79.7801666381996,13.306096760681989,0.0],[79.7801654242636,13.30609718299996,0.0],[79.7801581758332,13.30609970517893,0.0],[79.78014781616956,13.306103310226087,0.0],[79.77957217062433,13.306303628823335,0.0],[79.7784091127922,13.30598341500781,0.0],[79.77682608070613,13.305667971155486,0.0],[79.7764533839859,13.305739534461807,0.0],[79.77519722889461,13.305980725898221,0.0],[79.77438089198324,13.306758540233611,0.0],[79.77346240363532,13.307923811839634,0.0],[79.77340793784167,13.307992911072013,0.0],[79.77263130196013,13.308575743280086,0.0],[79.77236582654713,13.308774969149226,0.0],[79.77235041880944,13.308786532582593,0.0],[79.77229159177391,13.308830678922261,0.0],[79.77228699205816,13.308834131218788,0.0],[79.7722900461081,13.308829639599736,0.0],[79.7722932819901,13.308824880892237,0.0],[79.7723331015112,13.308766317821291,0.0],[79.7722316454565,13.308790379703407,0.0],[79.77215982887358,13.308807411599087,0.0],[79.7721231836145,13.308816102653523,0.0],[79.77205967169735,13.30883116544486,0.0],[79.77042289816512,13.309219330293528,0.0],[79.77014178323675,13.309906448742357,0.0],[79.7695840446786,13.311136037580075,0.0],[79.76939401328882,13.3117741004422,0.0],[79.76902669059987,13.313007438049144,0.0],[79.76814118859734,13.313920806109955,0.0],[79.766651043147,13.314830099300366,0.0],[79.76506870222269,13.31578898843118,0.0],[79.76396393172925,13.316543950005716,0.0],[79.76339411339451,13.316933337572632,0.0],[79.76082907092139,13.31848033973127,0.0],[79.76075610883174,13.318444363559966,0.0],[79.75986457802686,13.319224736818422,0.0],[79.75702238388398,13.320297324417075,0.0],[79.75613657907442,13.320799426673439,0.0],[79.75586019729592,13.321802891036086,0.0],[79.75548280884838,13.323814294143606,0.0],[79.75516014971917,13.324496908570017,0.0],[79.75516062155194,13.3253284526198,0.0],[79.75576562295159,13.326146158453021,0.0],[79.75708606231066,13.327153331408553,0.0],[79.75755260346705,13.327817433482732,0.0],[79.75683354191426,13.32948096063758,0.0],[79.75547811430265,13.332130065672096,0.0],[79.75296072532863,13.336976226995134,0.0],[79.75195970948069,13.337907787950623,0.0],[79.75105987865437,13.338260751385409,0.0],[79.74965821382568,13.34092792295675,0.0],[79.75013854561915,13.341650839079934,0.0],[79.74979301162547,13.342812504620234,0.0],[79.74921163334449,13.343088510593176,0.0],[79.74911534445916,13.34432231382656,0.0],[79.7485746806275,13.344593579822778,0.0],[79.74847802704257,13.344900542247416,0.0],[79.7479138624139,13.344967606574768,0.0],[79.74593360018656,13.344408407404783,0.0],[79.74591505815029,13.344406977809438,0.0],[79.74477048593482,13.344318719726528,0.0],[79.74242106438122,13.343877217663914,0.0],[79.73950415589542,13.343856328150931,0.0],[79.73728886743962,13.344033857660035,0.0],[79.73555828682605,13.344437065699918,0.0],[79.73441848797455,13.344885124429528,0.0],[79.73375898942794,13.346046977413636,0.0],[79.73373102317235,13.346079769571443,0.0],[79.73274876267331,13.34723161994701,0.0],[79.73217696883677,13.34850642543336,0.0],[79.73197430827281,13.349613767139772,0.0],[79.73195226657279,13.351959345996702,0.0],[79.73193018119026,13.354327513090793,0.0],[79.73188527668175,13.357387135017985,0.0],[79.73184037739345,13.360347341159265,0.0],[79.73197778211592,13.364306794088602,0.0],[79.73198059044526,13.364387674014754,0.0],[79.73223057939725,13.366199737818963,0.0],[79.73202375070534,13.368107054655434,0.0],[79.73166013745247,13.370696897445148,0.0],[79.73182286403517,13.373489806571147,0.0],[79.7321649768588,13.374786626877354,0.0],[79.7320363699474,13.376201276295163,0.0],[79.7307954504481,13.378050383473198,0.0],[79.72966633426492,13.382403159624491,0.0],[79.72698920474086,13.387092808774664,0.0],[79.72636815298655,13.38818068983716,0.0],[79.72561199045539,13.390422699848429,0.0],[79.72389185648633,13.39482998988042,0.0],[79.72216617535086,13.396968544452251,0.0],[79.71947548044368,13.398687270974614,0.0],[79.71664625964215,13.400428633668877,0.0],[79.71459723725977,13.402327767930009,0.0],[79.71298229940437,13.404705732447448,0.0],[79.71198582849337,13.406735402995679,0.0],[79.71135080187442,13.40805659913601,0.0],[79.71131228945615,13.408136724682857,0.0],[79.70964696823637,13.411929254244155,0.0],[79.70896882966176,13.413470672557077,0.0],[79.70886332255542,13.415527035065223,0.0],[79.70988927256079,13.418640406592234,0.0],[79.71355050149934,13.41900926873162,0.0],[79.71460334954688,13.419641473423606,0.0],[79.7152776404558,13.420328064145385,0.0],[79.71584603293876,13.421778531088194,0.0],[79.71592558038954,13.42473415827374,0.0],[79.71587051777772,13.428410203668877,0.0],[79.71538782634038,13.431522504567557,0.0],[79.71434156945894,13.43664345037616,0.0],[79.71261119217675,13.439658691851687,0.0],[79.71207561638087,13.439708659147113,0.0],[79.71133229270826,13.439826512310766,0.0],[79.71067668971521,13.439935285821154,0.0],[79.71001646577473,13.440030500627627,0.0],[79.70933314262727,13.44008956822165,0.0],[79.70873754674582,13.440153114338557,0.0],[79.70809117523969,13.44025735671341,0.0],[79.70745862575599,13.440271202153793,0.0],[79.706835324172,13.440330236646346,0.0],[79.70626290112368,13.44066492774581,0.0],[79.70569044733347,13.440913750812623,0.0],[79.70510415366175,13.44120325093027,0.0],[79.70460559226484,13.44151078970086,0.0],[79.7040192956245,13.441800288647046,0.0],[79.70332215660316,13.441994928103579,0.0],[79.70300366530891,13.442311423453424,0.0],[79.7024635321113,13.442582819378051,0.0],[79.7018633849477,13.442885876493001,0.0],[79.70119393133953,13.443039824180246,0.0],[79.70060757829856,13.443162098169038,0.0],[79.70004431031506,13.443284360799328,0.0],[79.69944408888912,13.443352406739598,0.0],[79.6987376768748,13.443447611318167,0.0],[79.69810512530343,13.44348403245659,0.0],[79.69746335974862,13.443597283438823,0.0],[79.6968308432644,13.443764761060505,0.0],[79.69624908449396,13.443814713404613,0.0],[79.69557038946166,13.443964131184428,0.0],[79.6948362601427,13.444018660958754,0.0],[79.69427299237458,13.444154468814483,0.0],[79.69404203160077,13.44379301349077,0.0],[79.69390803141077,13.443422478551042,0.0],[79.69372781847494,13.44289830599502,0.0],[79.69357992364587,13.442360561089615,0.0],[79.69338122994927,13.441786681666674,0.0],[79.69321950045024,13.441303173613909,0.0],[79.69297464079776,13.440747391415702,0.0],[79.69238820542962,13.440544251570309,0.0],[79.68947851368742,13.437097110364729,0.0],[79.68822680445308,13.435181376367783,0.0],[79.68789385148669,13.433034803989612,0.0],[79.68789331269771,13.430811276399677,0.0],[79.68863121497236,13.427489262603507,0.0],[79.68889359106899,13.424293970114013,0.0],[79.68897601292004,13.421537124242858,0.0],[79.69006023328024,13.418621714054492,0.0],[79.69079842675075,13.41670069665054,0.0],[79.69146745774296,13.415163849443086,0.0],[79.69178094790438,13.413441846218399,0.0],[79.69193749971163,13.411841926300065,0.0],[79.69180784662235,13.41034606505631,0.0],[79.69143336978448,13.408276339401372,0.0],[79.69147455271437,13.40685723943296,0.0],[79.69159885430307,13.405514935630679,0.0],[79.69168142678303,13.403485704858321,0.0],[79.69157967144935,13.402735527260944,0.0],[79.69084570638613,13.402948224308119,0.0],[79.69001017426328,13.40314288118139,0.0],[79.68909150535471,13.403179387474154,0.0],[79.68775721326462,13.402642088074872,0.0],[79.68633510707006,13.401648355313553,0.0],[79.68520861324129,13.401300778191354,0.0],[79.68370367990514,13.401418828468472,0.0],[79.68145093142726,13.401763102794538,0.0],[79.678985818698,13.402111947606924,0.0],[79.67785947940622,13.402491957470206,0.0],[79.67660850081573,13.402917197715189,0.0],[79.6758560753815,13.403220244329415,0.0],[79.67522839490174,13.404065574163804,0.0],[79.67522856898027,13.404987525447858,0.0],[79.67551959320507,13.405945539243552,0.0],[79.67577371622427,13.407057223451345,0.0],[79.67577381179792,13.407554352757266,0.0],[79.67522913754021,13.40797483424127,0.0],[79.67460129195872,13.408015712486819,0.0],[79.67355791200907,13.407821715079658,0.0],[79.67197444409845,13.407899047451204,0.0],[79.6709680329196,13.407899359467208,0.0],[79.66984150032329,13.40736190046228,0.0],[79.66908881265209,13.40621420739822,0.0],[79.66854842278028,13.40464162847227,0.0],[79.66821117019298,13.403109661430413,0.0],[79.66838170655447,13.401423880768753,0.0],[79.66896309507497,13.399697302816001,0.0],[79.66934138801612,13.398165119772662,0.0],[79.6682104169681,13.398432104356717,0.0],[79.66583306620754,13.399011282429994,0.0],[79.66357571366896,13.399468382683114,0.0],[79.66033048822888,13.4003143957599,0.0],[79.65782379857261,13.400545542215873,0.0],[79.65679186119029,13.40054221922167,0.0],[79.65769905645129,13.399704969128425,0.0],[79.65895455856823,13.39839854367163,0.0],[79.65995622731909,13.397711333753223,0.0],[79.66057930466665,13.396676228214503,0.0],[79.66083304288063,13.395446888782043,0.0],[79.66070357148597,13.393801869548673,0.0],[79.66057879702485,13.392766964087663,0.0],[79.6623329517387,13.39253599901091,0.0],[79.66400396117237,13.391961571947778,0.0],[79.66496400685011,13.391039346273276,0.0],[79.66500535388103,13.389697077715605,0.0],[79.66525892228839,13.387514143037606,0.0],[79.66550793674784,13.38578766734744,0.0],[79.66458922368453,13.385096464114405,0.0],[79.66463041078116,13.382646946110507,0.0],[79.66563200190825,13.381991348916339,0.0],[79.66567312224699,13.379166720406605,0.0],[79.66574193947498,13.376355641862924,0.0],[79.66581685388998,13.369828747779673,0.0],[79.66585128498569,13.366828740050154,0.0],[79.66480347020531,13.366612109177018,0.0],[79.66463719161099,13.365857417670835,0.0],[79.66054742011903,13.364285798748039,0.0],[79.65380366718495,13.362665055297684,0.0],[79.64916477333665,13.361314833404553,0.0],[79.64960285338171,13.356442829227573,0.0],[79.64861043765032,13.355629559560711,0.0],[79.64827793483097,13.35330214319108,0.0],[79.64772302113506,13.353266834219289,0.0],[79.64232379710752,13.352923159717266,0.0],[79.63774051957418,13.353248873571246,0.0],[79.63342958296496,13.35449656949471,0.0],[79.62956169868832,13.355359987253365,0.0],[79.62735080727292,13.355956655183247,0.0],[79.62690770741195,13.356390575801665,0.0],[79.62555531522172,13.355902427049,0.0],[79.60143346227885,13.360123003631768,0.0],[79.59879317940315,13.36087306103246,0.0],[79.59691915540144,13.361107901312021,0.0],[79.59317572279342,13.361487138789487,0.0],[79.58789065185134,13.361603944236547,0.0],[79.58466421802636,13.361662212692847,0.0],[79.58235161362644,13.362258472644177,0.0],[79.57845042386457,13.366732552930985,0.0],[79.57701030358871,13.366578606436551,0.0],[79.57557019693044,13.366365892991123,0.0],[79.57440244300113,13.36608090445519,0.0],[79.5735301194567,13.365737213233187,0.0],[79.57248702432842,13.365334723311445,0.0],[79.5715454951289,13.364873489911737,0.0],[79.57004542571386,13.364529654265931,0.0],[79.56773310053751,13.363665831089074,0.0],[79.56621003604947,13.363032687868142,0.0],[79.56508397864893,13.362232392782458,0.0],[79.56366719145024,13.361210542594177,0.0],[79.56273035128056,13.360582040748481,0.0],[79.5607505828803,13.359103518985568,0.0],[79.55941687145395,13.358244385687266,0.0],[79.55937071439422,13.358217806268751,0.0],[79.55791700343846,13.357380680703734,0.0],[79.55581262985393,13.356042208027603,0.0],[79.55335289474449,13.354631298209672,0.0],[79.55220380228197,13.353962017083116,0.0],[79.55080565096401,13.352700542059722,0.0],[79.55014118802892,13.352103711783533,0.0],[79.54909381104355,13.35094176988772,0.0],[79.54891396232236,13.350430961417976,0.0],[79.54810203522001,13.349128965926319,0.0],[79.54729003154824,13.348093645812527,0.0],[79.54634882431625,13.34698596511811,0.0],[79.54545377624125,13.345891854376775,0.0],[79.54372356713695,13.344114961419054,0.0],[79.54289301338513,13.343445738481012,0.0],[79.54147654908368,13.342066687793157,0.0],[79.54039228860698,13.341035775709567,0.0],[79.53951560996218,13.340343928441797,0.0],[79.53730064333301,13.33864772016479,0.0],[79.53721278639269,13.3386605910539,0.0],[79.53703279943109,13.33863340781671,0.0],[79.5366128660009,13.338470553530053,0.0],[79.5362252253599,13.338352905118816,0.0],[79.53592527380962,13.338235289288392,0.0],[79.535805292808,13.338190049518314,0.0],[79.53568529891137,13.338176445461498,0.0],[79.53556529521113,13.338189959400275,0.0],[79.53547757491825,13.338266756725234,0.0],[79.53541754628758,13.338339044125345,0.0],[79.53517745648146,13.338573961924691,0.0],[79.5349050259618,13.338894736979281,0.0],[79.53409708777365,13.339527144490974,0.0],[79.53388468805906,13.339762072705458,0.0],[79.53366307528904,13.339951802493317,0.0],[79.5329243982805,13.340493845498845,0.0],[79.5326104653112,13.340710655586909,0.0],[79.53237038167298,13.340918454816439,0.0],[79.53163635821112,13.341356549429127,0.0],[79.53139631400197,13.341460401697802,0.0],[79.53097619851704,13.341740439073751,0.0],[79.53048223756062,13.342015927038002,0.0],[79.53002059411871,13.342264310899752,0.0],[79.52969744167996,13.342440439263129,0.0],[79.5290280523721,13.342810761309472,0.0],[79.52867258583503,13.343000432262077,0.0],[79.52836329371222,13.343140409423151,0.0],[79.52768467319099,13.343501685560172,0.0],[79.52733380714386,13.343718472806051,0.0],[79.52705682352902,13.343853942437285,0.0],[79.52636895699685,13.344242326803291,0.0],[79.52614737074323,13.344346181255723,0.0],[79.5259350420337,13.344386768505055,0.0],[79.52588348743495,13.344343931435874,0.0],[79.52572280816433,13.344210423844164,0.0],[79.52567456931168,13.34417843622085,0.0],[79.5244816140295,13.343387375819221,0.0],[79.5237341409315,13.342876368102418,0.0],[79.52348036889298,13.342704523590918,0.0],[79.52314352958403,13.342510046573311,0.0],[79.52309492080896,13.34247508655994,0.0],[79.52250219415524,13.342048794635039,0.0],[79.52249233149377,13.342043269684929,0.0],[79.5222437953837,13.341904063239781,0.0],[79.52179152691068,13.341813480668291,0.0],[79.52077150366992,13.341858234248777,0.0],[79.52038843488755,13.341839989015442,0.0],[79.52003304445228,13.341848872860146,0.0],[79.519257649255,13.341866609680574,0.0],[79.51891148779794,13.341880014894043,0.0],[79.51856993799525,13.341902462101944,0.0],[79.51838069868752,13.34192045465178,0.0],[79.51772531165938,13.341920162960898,0.0],[79.51730991926618,13.341933535304145,0.0],[79.51708838662776,13.341919877674634,0.0],[79.51619760786865,13.341933033758327,0.0],[79.51584684018135,13.341928355880706,0.0],[79.51556530513987,13.34191919034213,0.0],[79.51469759475388,13.341950428810932,0.0],[79.51433759404416,13.341950263802943,0.0],[79.51398681638199,13.341963659721946,0.0],[79.51314679835464,13.34199490623937,0.0],[79.51276834266712,13.341981172283964,0.0],[79.51247755911196,13.34200815331252,0.0],[79.51177601635935,13.34201234365945,0.0],[79.51152680473756,13.341971551195403,0.0],[79.51134218202218,13.34198502241802,0.0],[79.51118987323869,13.341984951045125,0.0],[79.51108372586582,13.341971342536283,0.0],[79.51104220099536,13.341944206251435,0.0],[79.5110366577745,13.341931977446933,0.0],[79.51102375910665,13.341903523459578,0.0],[79.51100297531012,13.341790993350706,0.0],[79.51100223417049,13.341786979764386,0.0],[79.51099939313399,13.341771594803824,0.0],[79.51099582110815,13.341799738997995,0.0],[79.51099541638129,13.341802929253953,0.0],[79.51098268430097,13.341903246083762,0.0],[79.5092588163988,13.346768399141647,0.0],[79.50825084298747,13.350627939652169,0.0],[79.50824926681936,13.353828124213186,0.0],[79.50861889997913,13.357486863386258,0.0],[79.50880543915402,13.359333228996226,0.0],[79.5115644722152,13.361165516597843,0.0],[79.51310088922999,13.362531220429148,0.0],[79.513406699183,13.363143495593329,0.0],[79.51429993010646,13.36493184321341,0.0],[79.51473306202297,13.366482380263982,0.0],[79.51477208944239,13.366578273472754,0.0],[79.51549845421927,13.36836302263893,0.0],[79.51665177716794,13.369963582458357,0.0],[79.5198171458936,13.372645207045062,0.0],[79.5250051450512,13.373492525857971,0.0],[79.52710953045799,13.37471830543721,0.0],[79.52864658947216,13.374953877689835,0.0],[79.53224698946497,13.375050188372034,0.0],[79.5344114224072,13.376528983298533,0.0],[79.53572213642703,13.377139632607546,0.0],[79.53580972249152,13.377460579489123,0.0],[79.53598940895496,13.378391753453194,0.0],[79.53609086344778,13.378667506163268,0.0],[79.53655217037598,13.37949481929583,0.0],[79.53671362756052,13.379788672092731,0.0],[79.53710574089631,13.380498441587832,0.0],[79.5373133622907,13.38078779241753,0.0],[79.53781623648186,13.381583476192134,0.0],[79.53793615909373,13.381854714134596,0.0],[79.53840212285706,13.38260518629329,0.0],[79.53899725836864,13.38359525845129,0.0],[79.53914489216876,13.38383486667436,0.0],[79.53960619760993,13.384725452709644,0.0],[79.53977690025468,13.385005747636184,0.0],[79.54024287988311,13.3857426568149,0.0],[79.54043203973087,13.386045556467586,0.0],[79.54087952881441,13.386872855406066,0.0],[79.5410363868213,13.387148624349656,0.0],[79.54149314378647,13.387881007271112,0.0],[79.54158998771435,13.388165796119448,0.0],[79.54190824432504,13.388943332734485,0.0],[79.54194964759687,13.389363701674053,0.0],[79.54204629083421,13.390240604577077,0.0],[79.54210158157214,13.390547979308499,0.0],[79.54214244849042,13.390810268078196,0.0],[79.54225358364108,13.391533378317703,0.0],[79.54226269388607,13.391899496905916,0.0],[79.54215159595462,13.39278989121791,0.0],[79.54211916073066,13.39314695630751,0.0],[79.54193883511344,13.393983088447417,0.0],[79.54184173130999,13.394453130768326,0.0],[79.5416659980481,13.395357062707523,0.0],[79.54157814968238,13.395754790162783,0.0],[79.54134244143319,13.39654118306684,0.0],[79.54124537460913,13.396893707026218,0.0],[79.54099580883053,13.397693655257621,0.0],[79.54082486044683,13.398100394660554,0.0],[79.54050144127093,13.398864156687193,0.0],[79.5401643677612,13.39906744342411,0.0],[79.53918549603779,13.399568827025123,0.0],[79.53891306344414,13.399735972929063,0.0],[79.5384049425831,13.400594590028716,0.0],[79.53832171721488,13.400956156257577,0.0],[79.53796131708913,13.401823862602004,0.0],[79.53771189225668,13.402189891665937,0.0],[79.53682079986876,13.402465300841612,0.0],[79.53574033940644,13.402975676651739,0.0],[79.53540790107917,13.403102117923215,0.0],[79.53454912009596,13.403368488412223,0.0],[79.53414283058548,13.403454222629984,0.0],[79.53345953545916,13.40357149440279,0.0],[79.53315482291468,13.403621103309801,0.0],[79.5322130216965,13.403675000438723,0.0],[79.53158054984642,13.403679286998033,0.0],[79.53116967831775,13.403670094143228,0.0],[79.5305141409606,13.403629170828367,0.0],[79.5301586807548,13.403588360450636,0.0],[79.52943862568394,13.403258132204575,0.0],[79.52876018279443,13.402774241730121,0.0],[79.52846480324611,13.402575252227136,0.0],[79.52775867777316,13.402059706890165,0.0],[79.52733861193109,13.401960107229462,0.0],[79.5261708083223,13.401516699166358,0.0],[79.52584773799407,13.401304135141967,0.0],[79.52493853943477,13.400684544246264,0.0],[79.5249063633341,13.400345536108924,0.0],[79.52486988173392,13.399251695092703,0.0],[79.52478229568005,13.398944304024898,0.0],[79.52416341957384,13.399585890159646,0.0],[79.52397863825979,13.399879613718538,0.0],[79.52313850460601,13.399716559097229,0.0],[79.5230693766343,13.399431775211458,0.0],[79.52285749620638,13.3982926629752,0.0],[79.52255291384294,13.398048463388527,0.0],[79.5220079048876,13.398676513925336,0.0],[79.52174926274323,13.398956644950959,0.0],[79.52091830409398,13.398938224915538,0.0],[79.52067372965953,13.398707607657284,0.0],[79.52012001979739,13.398088147418628,0.0],[79.51973686063937,13.39806990842153,0.0],[79.5186611943147,13.398137257183178,0.0],[79.51829187888441,13.398132582745985,0.0],[79.5172900947844,13.39815927673818,0.0],[79.51694387130317,13.39813201100331,0.0],[79.51598831439446,13.398018601931206,0.0],[79.51560982486619,13.397882840042525,0.0],[79.5151805701144,13.397715416907216,0.0],[79.51482978669286,13.397570626828204,0.0],[79.51475607120821,13.397245158420619,0.0],[79.51458105666897,13.396341092699412,0.0],[79.51454428358696,13.395993041335297,0.0],[79.51344098242664,13.395938317111181,0.0],[79.51303938637247,13.39587034145447,0.0],[79.51203300130695,13.395878934349152,0.0],[79.51164523227972,13.395856160608275,0.0],[79.51057886004881,13.395810481611663,0.0],[79.51032968157095,13.395584371696339,0.0],[79.5097944688852,13.394969416248005,0.0],[79.50954994073778,13.394670989040002,0.0],[79.50900550405657,13.394046987485522,0.0],[79.50871017243782,13.393802775069156,0.0],[79.5081103664628,13.393129026266006,0.0],[79.50784736260543,13.392862228390994,0.0],[79.50746459419774,13.392057500732392,0.0],[79.50732166685971,13.391686799128765,0.0],[79.50675412668316,13.391130580332613,0.0],[79.50646804677979,13.3908592501729,0.0],[79.50586362162447,13.390221654145266,0.0],[79.50563754279082,13.389977470189763,0.0],[79.50473746191368,13.389773646694112,0.0],[79.50444670125698,13.38963791040185,0.0],[79.5037497396784,13.38943870029365,0.0],[79.50348202144221,13.389384332626506,0.0],[79.50297443569613,13.388972773201939,0.0],[79.50264691871683,13.388498021276579,0.0],[79.50177038389589,13.387394729404848,0.0],[79.5013320361844,13.387010319999554,0.0],[79.50048304878517,13.38622343409312,0.0],[79.49997553209298,13.385698869648543,0.0],[79.49917267937556,13.384984320025275,0.0],[79.49888674061592,13.384468904103981,0.0],[79.498603368797,13.38362260933171,0.0],[79.49676875595857,13.384048488423824,0.0],[79.49687048335878,13.384491345464447,0.0],[79.49609995447369,13.385079200737094,0.0],[79.49565216533968,13.385124595471188,0.0],[79.49483961238987,13.384844789340029,0.0],[79.49342204081438,13.384181091141475,0.0],[79.49348161549983,13.383313340309746,0.0],[79.49156567648093,13.382758386315578,0.0],[79.48540802875597,13.38352942526996,0.0],[79.47983701297582,13.385063940976565,0.0],[79.47939407543996,13.385687794144115,0.0],[79.48018079541329,13.39009394961248,0.0],[79.48096225386658,13.393202965787598,0.0],[79.48331303237772,13.395552097795804,0.0],[79.48609817535757,13.398660237130725,0.0],[79.4863435980687,13.40015160126868,0.0],[79.485513694855,13.402497534164452,0.0],[79.48390285108323,13.40340665885594,0.0],[79.48126271887999,13.404655137897308,0.0],[79.47901553262257,13.40714628007822,0.0],[79.47865656344491,13.409672808656113,0.0],[79.4788421970624,13.41204547098009,0.0],[79.47945640579886,13.41234797565132,0.0],[79.48031069814459,13.412917085867733,0.0],[79.48117906473644,13.413834220549218,0.0],[79.4818627856747,13.414769456631754,0.0],[79.48256508255571,13.416039137306994,0.0],[79.48301353565283,13.417354059809442,0.0],[79.48369795766592,13.41989366475345,0.0],[79.4858447745677,13.41991539221392,0.0],[79.48947366995323,13.419855031554084,0.0],[79.49126502217847,13.419971708182524,0.0],[79.49147334790686,13.421124018900317,0.0],[79.49415130389974,13.421267449420103,0.0],[79.4954256309419,13.421542469990836,0.0],[79.49651533512758,13.421673034822529,0.0],[79.49698623061815,13.42162308865035,0.0],[79.4978030301282,13.420795596613118,0.0],[79.49801078824706,13.42084528086748,0.0],[79.49860320257139,13.421637154477382,0.0],[79.49883530620038,13.421180902035351,0.0],[79.49897368045825,13.421565182399279,0.0],[79.49938887445137,13.422189064644943,0.0],[79.49957335754138,13.422451283819601,0.0],[79.50002088196334,13.423075096059751,0.0],[79.50016841514231,13.42354074044085,0.0],[79.50043119233423,13.424232275708766,0.0],[79.50039871301452,13.424530555437256,0.0],[79.49987191039594,13.425565261092617,0.0],[79.49974699907304,13.425886070133753,0.0],[79.49940045189874,13.42655926795367,0.0],[79.49927568245164,13.426789680065086,0.0],[79.4989244117423,13.427435752058292,0.0],[79.49876263702036,13.427729413373232,0.0],[79.49860567689517,13.427742921350237,0.0],[79.49860315982876,13.431472830016123,0.0],[79.49808147513522,13.432744947423227,0.0],[79.49707987310396,13.43327415038389,0.0],[79.49702080061569,13.435276342608034,0.0],[79.49768581825398,13.435529099409743,0.0],[79.49860308426291,13.435372255116906,0.0],[79.49913711097277,13.435698010988574,0.0],[79.4992198095825,13.436489039683053,0.0],[79.49923345584203,13.436882279955833,0.0],[79.49931617239815,13.43764166966069,0.0],[79.4993529193789,13.438007802689897,0.0],[79.49939406054915,13.438803330153345,0.0],[79.49941693408378,13.439214655424095,0.0],[79.4994534697584,13.43998758137464,0.0],[79.49951331183244,13.440340164613069,0.0],[79.49954523890665,13.441099528786344,0.0],[79.49954502968565,13.44150180272064,0.0],[79.49964624012574,13.442216001203873,0.0],[79.50001554202825,13.442374381415831,0.0],[79.50086505079983,13.442523958444974,0.0],[79.50127594088045,13.44262359916156,0.0],[79.50216236971943,13.442813869297074,0.0],[79.50256403439383,13.442895423232306,0.0],[79.5037552954056,13.442909558023013,0.0],[79.50411081414067,13.442941367387597,0.0],[79.50512202598772,13.442905690998746,0.0],[79.50543136686069,13.4429419971399,0.0],[79.50630395548363,13.443118686736684,0.0],[79.50668251732878,13.443236382257192,0.0],[79.5074257653626,13.443530523902803,0.0],[79.50778587171786,13.443621091038976,0.0],[79.50855683887565,13.443888124360264,0.0],[79.50894927445844,13.443969662759772,0.0],[79.50970639523484,13.444227646297307,0.0],[79.51008031814794,13.444399573985551,0.0],[79.51095285598532,13.44469828490706,0.0],[79.51130836121511,13.44476624373058,0.0],[79.51208859862068,13.444969991841752,0.0],[79.51248561711171,13.44513288644082,0.0],[79.51335355032829,13.445413506458952,0.0],[79.51368132357946,13.445544728922206,0.0],[79.51447078109643,13.44579367235738,0.0],[79.514826329133,13.445771228764597,0.0],[79.51583766376048,13.445482392741498,0.0],[79.51620247419287,13.445401191058478,0.0],[79.51717687890314,13.44508521366786,0.0],[79.51754170665575,13.44495881228206,0.0],[79.5185715129025,13.444651893082636,0.0],[79.51890400836666,13.44454807595771,0.0],[79.51978138056133,13.444376684177904,0.0],[79.52022003059128,13.444372347387498,0.0],[79.52044159846825,13.444521596830503,0.0],[79.52319829562481,13.44419276943065,0.0],[79.52522979148885,13.44452353613599,0.0],[79.52745044861085,13.445238551890654,0.0],[79.53059404301256,13.447368634496403,0.0],[79.53088477492483,13.44779361621847,0.0],[79.53136461828583,13.448742979459123,0.0],[79.53112373996086,13.450731658418603,0.0],[79.53035199199455,13.452340465176496,0.0],[79.52972367770255,13.45318997437288,0.0],[79.52855960344331,13.454342113318871,0.0],[79.52778816993974,13.455096645323508,0.0],[79.52585281260623,13.456564868344534,0.0],[79.52387141377183,13.457653383423791,0.0],[79.52333539421879,13.458552632205983,0.0],[79.52338563000247,13.459876989974058,0.0],[79.52424832899543,13.461775711443495,0.0],[79.52272683800804,13.46112814519327,0.0],[79.52097784522546,13.46055070405148,0.0],[79.51910763579913,13.459853867137536,0.0],[79.51743093190116,13.459490990140353,0.0],[79.51502404237765,13.459268549751654,0.0],[79.51388062801907,13.459383760556028,0.0],[79.51171484134285,13.459757564998602,0.0],[79.50918208563142,13.460749244299947,0.0],[79.50759893438118,13.461410611118586,0.0],[79.50664827216973,13.462026610686221,0.0],[79.50474675221281,13.463306201262782,0.0],[79.50330956083272,13.463944268476391,0.0],[79.50177619065686,13.464272409419877,0.0],[79.50065743466985,13.46429238638997,0.0],[79.49917545934102,13.463858511074134,0.0],[79.49860297670327,13.463471674882928,0.0],[79.49817964236647,13.462148272842537,0.0],[79.49733855961311,13.460747702088883,0.0],[79.4963174355492,13.459663516584838,0.0],[79.49459467874968,13.45878760644905,0.0],[79.4931442926843,13.457997329209723,0.0],[79.49229893903953,13.457224949456803,0.0],[79.49019714798715,13.455540170654816,0.0],[79.48867795532323,13.455558910732043,0.0],[79.48744033521524,13.455297354044909,0.0],[79.48582404943649,13.455067624419026,0.0],[79.48552410339232,13.455379573075932,0.0],[79.47980480342244,13.459747788791486,0.0],[79.47842463505123,13.460819434783255,0.0],[79.47805102941335,13.461908774808494,0.0],[79.47679643514589,13.465213048015935,0.0],[79.4759701419444,13.466022363847468,0.0],[79.4747884395719,13.467093899989608,0.0],[79.47467780816457,13.467460029486807,0.0],[79.47418922369256,13.469557249071531,0.0],[79.4739913530785,13.471297347704544,0.0],[79.4740217663226,13.471510446696147,0.0],[79.47417194158453,13.472562660902256,0.0],[79.47489275274205,13.473579301488371,0.0],[79.478767361723,13.473948294091992,0.0],[79.48254479065207,13.47394666644466,0.0],[79.4860081893747,13.473823121988366,0.0],[79.48729061158797,13.470871443923597,0.0],[79.48956655945454,13.469487463901993,0.0],[79.49087309344344,13.468885787331805,0.0],[79.49191693648784,13.469292004953427,0.0],[79.49358442843634,13.470235791781324,0.0],[79.49587956131934,13.470429006857438,0.0],[79.49860294572804,13.47082979580538,0.0],[79.49904464254395,13.471360156483687,0.0],[79.49940013296421,13.471523051565589,0.0],[79.50015720056814,13.472029658574506,0.0],[79.50043875356485,13.472296472352467,0.0],[79.50101104174861,13.472938582418228,0.0],[79.50133416671196,13.473187337599626,0.0],[79.50201280404282,13.473567342113396,0.0],[79.50233132685757,13.473788973852718,0.0],[79.50271887641374,13.474489749164984,0.0],[79.50281568186784,13.474828790583613,0.0],[79.50288912416343,13.475705689628112,0.0],[79.5028704734333,13.476062753886417,0.0],[79.50259293696512,13.476962082241497,0.0],[79.50243111763527,13.477337156021692,0.0],[79.50191815279845,13.478060092876675,0.0],[79.50167788826967,13.478313089952762,0.0],[79.50109103299773,13.479031468214767,0.0],[79.50113701914442,13.479406644426719,0.0],[79.50126585916465,13.480315210201258,0.0],[79.5013303175423,13.480690394660169,0.0],[79.50144066232363,13.48164414927667,0.0],[79.50150974838648,13.482005777567748,0.0],[79.50163864682854,13.482801344806541,0.0],[79.50171233046532,13.483203653115767,0.0],[79.50180878972856,13.484220680918027,0.0],[79.50182249437074,13.48451448196897,0.0],[79.50272301130893,13.484546559938721,0.0],[79.50311553399563,13.484582909579622,0.0],[79.50399757417746,13.484624014229155,0.0],[79.50433929422765,13.484664859409204,0.0],[79.50519361590383,13.484728545237733,0.0],[79.50560924202895,13.484737782869855,0.0],[79.50647742955974,13.484778871925826,0.0],[79.50684224690043,13.484806163124988,0.0],[79.5077519951616,13.484851787798348,0.0],[79.5081029483703,13.484901670630315,0.0],[79.50900343664586,13.484997005558844,0.0],[79.50913256890848,13.485363178730228,0.0],[79.50930775257336,13.486000566439749,0.0],[79.50945075888706,13.486326065444857,0.0],[79.50968590417177,13.487121678424677,0.0],[79.50978741715416,13.487302521117192,0.0],[79.51019815835615,13.487881256973647,0.0],[79.51038737010913,13.488161578381508,0.0],[79.50944947843374,13.488997332751365,0.0],[79.50931534122742,13.489431182555004,0.0],[79.5090424515712,13.490294360642288,0.0],[79.5089776195758,13.490660442296203,0.0],[79.50989198811062,13.490719526854768,0.0],[79.51024755885892,13.490773876437796,0.0],[79.51117114443721,13.490869085671097,0.0],[79.51151747246358,13.490936988334619,0.0],[79.5124271876552,13.491063823872615,0.0],[79.51276430204803,13.491086528595211,0.0],[79.51366480135928,13.491172682120522,0.0],[79.5140573274097,13.49120895997007,0.0],[79.51499476090135,13.491322236363679,0.0],[79.5153642317773,13.491286195580948,0.0],[79.51632020191525,13.491263894697946,0.0],[79.51663884662577,13.491282068336375,0.0],[79.51754858221248,13.491372729399481,0.0],[79.51798732299734,13.491341226137868,0.0],[79.51808844461102,13.492376184767032,0.0],[79.51809287229729,13.492787446362007,0.0],[79.51819853714575,13.493985102439424,0.0],[79.51742720769543,13.494174683235585,0.0],[79.5170346231573,13.494251393483164,0.0],[79.51609704272005,13.494422843354107,0.0],[79.51569985259663,13.494472433466873,0.0],[79.51480845582986,13.494639372696774,0.0],[79.51441584632536,13.494765792624218,0.0],[79.51357060689588,13.494977934579989,0.0],[79.51314568679115,13.49506818728346,0.0],[79.51224964827082,13.495275791449949,0.0],[79.5118663046001,13.49533441698712,0.0],[79.51098412517776,13.495528461794981,0.0],[79.51073456268034,13.495889927646308,0.0],[79.51017539333444,13.49661735625709,0.0],[79.51002281991623,13.496960775839195,0.0],[79.50947294238158,13.49757070347399,0.0],[79.50917723559434,13.497841764780723,0.0],[79.50827186697016,13.498207526805876,0.0],[79.50789307713434,13.49838365317757,0.0],[79.50704319963529,13.498604811347045,0.0],[79.5066552061655,13.498713141428508,0.0],[79.5058792398981,13.498889127424848,0.0],[79.50546820328508,13.498902542016129,0.0],[79.5047247119398,13.498793817927215,0.0],[79.50436451444695,13.498734939365281,0.0],[79.50372258172492,13.49871211458488,0.0],[79.5034130721911,13.498870180846335,0.0],[79.50265082591925,13.499299245179541,0.0],[79.50231360344398,13.499461818820304,0.0],[79.50132975327455,13.499737140979894,0.0],[79.50097411812213,13.4997822037604,0.0],[79.50011969099758,13.499849678946447,0.0],[79.49975022812937,13.499835950482177,0.0],[79.49860281345732,13.499449700487421,0.0],[79.49812009969772,13.499185020731817,0.0],[79.49789847765403,13.499271039148816,0.0],[79.49760751807361,13.499284717610864,0.0],[79.49631901301255,13.49921755612733,0.0],[79.49595872044439,13.499082167291741,0.0],[79.49486835032329,13.498282731550889,0.0],[79.49363920814581,13.496941026346315,0.0],[79.49243334340905,13.496105531466979,0.0],[79.49141701203048,13.495495877095072,0.0],[79.490982854495,13.495315325837705,0.0],[79.49074791811465,13.496549224468755,0.0],[79.49074908525948,13.49897163004636,0.0],[79.49174602997678,13.505030549749046,0.0],[79.49137030228506,13.505358615620148,0.0],[79.49118722936642,13.50687596526948,0.0],[79.4909811411425,13.508375101975995,0.0],[79.49067187659746,13.509250279174852,0.0],[79.4906811731786,13.510172111651366,0.0],[79.49050336086819,13.510636646306214,0.0],[79.48959311981234,13.510736182094297,0.0],[79.48921926498096,13.510702753180485,0.0],[79.48840737745275,13.51052257055567,0.0],[79.48797806575013,13.510497919895096,0.0],[79.48721650766672,13.510417399635084,0.0],[79.48683829787933,13.510334248942964,0.0],[79.48603055138229,13.510262627019145,0.0],[79.48561500092438,13.510251531550079,0.0],[79.48466404628225,13.51018365372629,0.0],[79.48429951373141,13.51013673235164,0.0],[79.48349675058938,13.509997275646223,0.0],[79.48316046292219,13.509832915164383,0.0],[79.48231813556532,13.509295622996891,0.0],[79.48192636028534,13.509149108099946,0.0],[79.48103138005919,13.508986634199772,0.0],[79.48067559433566,13.509030064185904,0.0],[79.47983081147595,13.508976231985338,0.0],[79.47942938865988,13.5089065820405,0.0],[79.47857135111458,13.508730622776813,0.0],[79.47820780190216,13.508498405132569,0.0],[79.4773651530907,13.508028922926888,0.0],[79.47709812697413,13.50786035582151,0.0],[79.47653915109916,13.507008180803043,0.0],[79.47636522845096,13.50670454777533,0.0],[79.47607002409502,13.50573162407974,0.0],[79.47573045280335,13.505314206650718,0.0],[79.47494262103237,13.504962450076372,0.0],[79.47459251233231,13.504807090639485,0.0],[79.47375358256387,13.504513819207304,0.0],[79.47350306457174,13.504734009404062,0.0],[79.4730894647349,13.505260594762305,0.0],[79.47304132365727,13.505635427248349,0.0],[79.47226809383979,13.506047332387912,0.0],[79.47187419178982,13.50631651332411,0.0],[79.47190881095165,13.506764023425884,0.0],[79.47192067101217,13.507152680970684,0.0],[79.47162235713965,13.507702542069989,0.0],[79.47124821515152,13.507723299094856,0.0],[79.47038295373257,13.508057951547407,0.0],[79.4700685668393,13.508133159686107,0.0],[79.46907977479852,13.50824578894014,0.0],[79.46870637246715,13.508121979072317,0.0],[79.46785413620195,13.507720154447119,0.0],[79.46738821254736,13.507627469247039,0.0],[79.46661867481191,13.507316362882694,0.0],[79.46632395708636,13.507170346309628,0.0],[79.46544840641353,13.506809051726412,0.0],[79.46509830280033,13.5066536674305,0.0],[79.46443949244367,13.506352211171,0.0],[79.46397829742271,13.506236951749525,0.0],[79.46323023396467,13.506246774589245,0.0],[79.46279165549421,13.506226549990782,0.0],[79.46196471440155,13.506285680781879,0.0],[79.46158097155602,13.506392261949504,0.0],[79.46073522824864,13.506519062479518,0.0],[79.46026384131939,13.50659357007848,0.0],[79.45998202603165,13.506610199958633,0.0],[79.45985236280262,13.506681905471329,0.0],[79.45918131056327,13.506976768011922,0.0],[79.4588657558716,13.507277951305134,0.0],[79.4574714129074,13.505449989074004,0.0],[79.45637884931676,13.504215464947398,0.0],[79.45515276492245,13.50290806028591,0.0],[79.45381768593155,13.501256612913966,0.0],[79.45173104580199,13.50034940828903,0.0],[79.45062933935245,13.499945090434716,0.0],[79.44993185229733,13.499434567200012,0.0],[79.4474421381096,13.498431994249561,0.0],[79.44369175456835,13.4972580160235,0.0],[79.44340100611444,13.498184556410614,0.0],[79.44276393695785,13.499038930761923,0.0],[79.44167873603281,13.499626755905451,0.0],[79.44016865064806,13.500042970754338,0.0],[79.43918030477981,13.49989402613147,0.0],[79.43747594966342,13.499288833411567,0.0],[79.43648745511683,13.498678983175116,0.0],[79.43433498443959,13.497545095919868,0.0],[79.43215932907218,13.496018044053356,0.0],[79.42774831794756,13.493763856776607,0.0],[79.42542504233275,13.492512459898276,0.0],[79.42010001222494,13.49152821334616,0.0],[79.41990584854565,13.490606317221465,0.0],[79.41959565875914,13.486511731418293,0.0],[79.41808550095517,13.486281557682624,0.0],[79.41761004476348,13.487529025487959,0.0],[79.41654396558842,13.49156954730643,0.0],[79.41445193298257,13.491872667666216,0.0],[79.41342209595526,13.492130478981785,0.0],[79.41224342505448,13.492301340460243,0.0],[79.41047525337964,13.492149926790947,0.0],[79.40914777199481,13.492336750227297,0.0],[79.40816427711337,13.492525064844335,0.0],[79.405657862397,13.492659038042138,0.0],[79.40256250148256,13.492646242289807,0.0],[79.39961364845537,13.492826340785536,0.0],[79.39838593560023,13.492676936794984,0.0],[79.39676449008691,13.492670160474463,0.0],[79.39484889368507,13.4925178471349,0.0],[79.3937690477092,13.492272895870293,0.0],[79.39298314261525,13.492221523913576,0.0],[79.39243207378732,13.491915850692349,0.0],[79.39027065013534,13.491088992463904,0.0],[79.38668684765946,13.489701685736923,0.0],[79.3853891224178,13.489114218091627,0.0],[79.38562448438329,13.486515501830317,0.0],[79.38479784489692,13.48606815621296,0.0],[79.38348169683076,13.485444506092753,0.0],[79.3824148031863,13.4847033861334,0.0],[79.38121412008815,13.483795005828798,0.0],[79.38017036186088,13.482674180881306,0.0],[79.37960698326583,13.481576006490728,0.0],[79.37939448415996,13.481250621090238,0.0],[79.37823077986302,13.481462977629455,0.0],[79.37714551965084,13.48149919244458,0.0],[79.3768776636682,13.480423597409214,0.0],[79.37651283988902,13.4779017160921,0.0],[79.3751551196426,13.477255425905701,0.0],[79.37388054255725,13.476749228364781,0.0],[79.37261987207611,13.476161738267955,0.0],[79.37184866178492,13.475081602435704,0.0],[79.37060652813618,13.474091816848226,0.0],[79.36904108227115,13.47260484531832,0.0],[79.36789579863094,13.471578923268716,0.0],[79.36776390501524,13.471038032133835,0.0],[79.36640888600962,13.47176872193191,0.0],[79.3656653630165,13.472220587015517,0.0],[79.36513898391352,13.471714436729092,0.0],[79.36422465357722,13.471610474981578,0.0],[79.3625760111953,13.471727881173553,0.0],[79.35987921863659,13.471506270932641,0.0],[79.359094330304,13.46932786235879,0.0],[79.35838284148464,13.469214152842046,0.0],[79.3566330868636,13.468934491051742,0.0],[79.35297113827416,13.468599805190298,0.0],[79.35285123545317,13.466782917713417,0.0],[79.35259728310949,13.466602137091154,0.0],[79.35233867545527,13.466525347345499,0.0],[79.3508056447926,13.466421240122054,0.0],[79.34529207178306,13.46567946509029,0.0],[79.34334791856278,13.465505367403182,0.0],[79.34155175849179,13.465344498739936,0.0],[79.34139921623935,13.466225764659002,0.0],[79.3413344876051,13.466722945620608,0.0],[79.3411586832524,13.469041412390022,0.0],[79.3398519055979,13.468684131234804,0.0],[79.33619475104572,13.467766230425882,0.0],[79.33154483419797,13.466527068097246,0.0],[79.3288386873178,13.467421485707991,0.0],[79.3289076706922,13.468745668050003,0.0],[79.32919352531415,13.471317293638926,0.0],[79.32719840286474,13.47232926179424,0.0],[79.32849554837829,13.474553056880609,0.0],[79.33043473244237,13.47667301310852,0.0],[79.33519971865746,13.48119783254955,0.0],[79.33875511243546,13.484339305092167,0.0],[79.34286490829572,13.487404077770515,0.0],[79.34129470976963,13.487584632579008,0.0],[79.33726271440369,13.489590740771693,0.0],[79.33457014515092,13.490408307942852,0.0],[79.32951348929633,13.488464113679893,0.0],[79.3248030363318,13.488273355101965,0.0],[79.32198587178594,13.488336034742922,0.0],[79.31884558786638,13.488019058436537,0.0],[79.31321145915751,13.487769140467897,0.0],[79.30956313972693,13.487704914725617,0.0],[79.30683154891574,13.486562613401887,0.0],[79.30612765062243,13.486153903729996,0.0],[79.30569825321952,13.485909702403502,0.0],[79.30517645584902,13.4855389999979,0.0],[79.30447470231367,13.484892467282219,0.0],[79.30358367405928,13.48411034920107,0.0],[79.30323744061323,13.483694513451322,0.0],[79.30258634667685,13.483350838119028,0.0],[79.30225861102588,13.483016344324428,0.0],[79.30172302417854,13.482609382422572,0.0],[79.30094733289884,13.481967376417044,0.0],[79.29978407631447,13.480385256258899,0.0],[79.29899922724859,13.4796348318831,0.0],[79.29846828324824,13.479449336744938,0.0],[79.29777099090889,13.47935879259121,0.0],[79.29743375030601,13.479512311296341,0.0],[79.2968843003806,13.479358459475717,0.0],[79.29625618871017,13.479493869593592,0.0],[79.29493535224825,13.479714943412853,0.0],[79.29398400646666,13.47994506794171,0.0],[79.29266318397754,13.479980850671463,0.0],[79.29195203928668,13.48008001403598,0.0],[79.29148552487361,13.480233518131296,0.0],[79.290621970269,13.480310070852891,0.0],[79.28981839333333,13.480255510885492,0.0],[79.28894571831678,13.480015698128552,0.0],[79.28834079440341,13.479821185870788,0.0],[79.28809604587859,13.479897966056102,0.0],[79.28710316098805,13.479843362499647,0.0],[79.28628125633917,13.479463405313773,0.0],[79.28450370773761,13.478586012648131,0.0],[79.28285523785436,13.478016027996844,0.0],[79.2817054921544,13.477676583813102,0.0],[79.28103134818839,13.477468456931224,0.0],[79.28064350654981,13.47728297600267,0.0],[79.27958616688645,13.476817109361557,0.0],[79.27776224689153,13.47638711477692,0.0],[79.27619229530444,13.475979684320471,0.0],[79.27500103292657,13.475753243890544,0.0],[79.27399896288526,13.475531464135582,0.0],[79.27316780756571,13.4754768550404,0.0],[79.2716901100486,13.47530906484584,0.0],[79.27039710123383,13.475349136095579,0.0],[79.26994440877027,13.4754981041327,0.0],[79.27060112062877,13.473423959937337,0.0],[79.27089243930425,13.472389198263787,0.0],[79.26994584635634,13.472230607684105,0.0],[79.26643202083048,13.471487936447547,0.0],[79.26390627084885,13.470912824431764,0.0],[79.26150060055117,13.470446286041765,0.0],[79.25962589110884,13.470079377409931,0.0],[79.25868517109106,13.467435059388803,0.0],[79.25735727343557,13.46322678587746,0.0],[79.25687711760392,13.461675932991103,0.0],[79.25502446730962,13.455691792590441,0.0],[79.24863189655238,13.452952222053089,0.0],[79.24567965629731,13.451036650635748,0.0],[79.24078552484079,13.448210391364139,0.0],[79.23988331978127,13.442651748235226,0.0],[79.23951501895483,13.441031986359015,0.0],[79.23755135945956,13.44130478542585,0.0],[79.23689158299402,13.440519134108937,0.0],[79.23610869199632,13.44169366433127,0.0],[79.23335713692947,13.441731278586374,0.0],[79.23120253103741,13.442269468442491,0.0],[79.22998375844915,13.443021183431867,0.0],[79.22848542029386,13.444164290140883,0.0],[79.22759938146234,13.445577709117481,0.0],[79.22746265120357,13.446751592619734,0.0],[79.22774047129704,13.447349731312098,0.0],[79.22774205247575,13.447828691816959,0.0],[79.22756799899526,13.448338267642074,0.0],[79.22695453434143,13.448253187624026,0.0],[79.2266097417681,13.448034167186623,0.0],[79.22660779321754,13.447604894593436,0.0],[79.22693945315018,13.446992433044118,0.0],[79.22693824502748,13.446463784771874,0.0],[79.22679902528806,13.445848436080627,0.0],[79.22622677292672,13.444362908108102,0.0],[79.22596351027025,13.443665469932393,0.0],[79.22577228337354,13.44323953833463,0.0],[79.22540770046926,13.442505378389757,0.0],[79.22462266569744,13.442541233446578,0.0],[79.22356026931331,13.442643234091422,0.0],[79.22286292824377,13.441961135852564,0.0],[79.2223439082625,13.440837414821784,0.0],[79.22022557786308,13.43931079826195,0.0],[79.21773538774923,13.438188538620613,0.0],[79.21658497715491,13.436893725494047,0.0],[79.21670685393586,13.435886917087657,0.0],[79.21729486273979,13.435614919641301,0.0],[79.21905408516588,13.435530800568694,0.0],[79.21976855191518,13.435697792818274,0.0],[79.22041556930631,13.436293663278683,0.0],[79.22182362312941,13.436275160596729,0.0],[79.2225494076593,13.436835359635044,0.0],[79.22674261308177,13.43800866434855,0.0],[79.2286573883514,13.437428370038305,0.0],[79.22935775432099,13.437635952074457,0.0],[79.23140130594481,13.436401287220601,0.0],[79.23210114779435,13.435953647851042,0.0],[79.2323764158641,13.435494496261988,0.0],[79.23211567931335,13.43439043409058,0.0],[79.23260250565531,13.434049923410203,0.0],[79.23331516211988,13.43376057191524,0.0],[79.23362947199853,13.434426693592338,0.0],[79.23460101807721,13.435544052415619,0.0],[79.23580148265711,13.43624262168067,0.0],[79.23785754314157,13.436670791318821,0.0],[79.23954589281132,13.436857159901407,0.0],[79.23964712796308,13.434707020419166,0.0],[79.23997895383953,13.431844339923279,0.0],[79.24065323332066,13.430325697589685,0.0],[79.2410878764282,13.428737884670198,0.0],[79.24167906345913,13.426473230365453,0.0],[79.24219222496541,13.426354341336225,0.0],[79.24365250306104,13.426082931046016,0.0],[79.24600257992796,13.42599315440027,0.0],[79.24866709723608,13.425805785945808,0.0],[79.25018235373531,13.425589996872738,0.0],[79.25340996368976,13.424832345215068,0.0],[79.25459195353913,13.42471542600878,0.0],[79.25731132415933,13.424879347005893,0.0],[79.25800444357748,13.423691063226633,0.0],[79.25827707877997,13.423166946428141,0.0],[79.25688292976565,13.422813767054894,0.0],[79.2556411756325,13.422388373619487,0.0],[79.25552615420948,13.42162905966068,0.0],[79.2552538640018,13.421366797357747,0.0],[79.25416929916103,13.420566292629621,0.0],[79.25322787838708,13.419743312495465,0.0],[79.25231843845758,13.419584730496418,0.0],[79.25112274870133,13.419349129307143,0.0],[79.25007010640816,13.419380283713062,0.0],[79.24863409577901,13.419258468737274,0.0],[79.24622396982281,13.419375082001721,0.0],[79.2458834992268,13.41772839628516,0.0],[79.24288235971466,13.41788202346222,0.0],[79.2410815989262,13.417984161104398,0.0],[79.23752121448214,13.418251873673688,0.0],[79.23526464862414,13.418170461235903,0.0],[79.23476919837393,13.417688558215467,0.0],[79.2338539032475,13.417172417115486,0.0],[79.23248654299123,13.417353909374157,0.0],[79.23073553764965,13.417618931460026,0.0],[79.22927597944947,13.417772701397315,0.0],[79.22919390344052,13.419069000176899,0.0],[79.229142866241,13.419832247997537,0.0],[79.22918308363309,13.421504308415331,0.0],[79.22843391455758,13.422453140899968,0.0],[79.22767058342401,13.422719608720685,0.0],[79.22680333118461,13.422637434356465,0.0],[79.22513713684076,13.421904396127116,0.0],[79.22378762927447,13.420712358340824,0.0],[79.22300703715233,13.420079544432115,0.0],[79.22246190068745,13.419430134437938,0.0],[79.22229224400131,13.418520901188526,0.0],[79.2221019852667,13.417240999776082,0.0],[79.22137286079887,13.41720949798441,0.0],[79.22031788082455,13.41762322203656,0.0],[79.21906159969517,13.41918788173904,0.0],[79.21808362560327,13.41910061204722,0.0],[79.21634909817959,13.41966829316212,0.0],[79.2155709161879,13.420101807439506,0.0],[79.21480511070442,13.420752264918061,0.0],[79.21359874000393,13.421734341314028,0.0],[79.2132796806906,13.422541188783288,0.0],[79.21275574101693,13.423622373165546,0.0],[79.21192260149614,13.423974150687137,0.0],[79.21272443780238,13.42561930167586,0.0],[79.21277463333658,13.426432889856343,0.0],[79.2126716731674,13.427367595383915,0.0],[79.21107363430697,13.427515894886158,0.0],[79.21085612903295,13.426886446225033,0.0],[79.21063572904609,13.42598596796927,0.0],[79.21032759998424,13.424375517338698,0.0],[79.2093745514665,13.423990111198181,0.0],[79.20840655272158,13.423789854792622,0.0],[79.20755668420756,13.423874946100224,0.0],[79.20601308773008,13.422744862169992,0.0],[79.20477001121343,13.421530742563942,0.0],[79.20477071317714,13.420717443730862,0.0],[79.20475690927603,13.41999446463325,0.0],[79.20412986159063,13.41844981630607,0.0],[79.20392330757063,13.417567469871866,0.0],[79.20426419274371,13.416950544048666,0.0],[79.20557181106234,13.416018804393719,0.0],[79.20647424919822,13.415658386786344,0.0],[79.20657540663359,13.414994895466563,0.0],[79.20645427268654,13.414460922026946,0.0],[79.20626594326583,13.413596824333773,0.0],[79.2064897842128,13.413245724970267,0.0],[79.20730452056924,13.412880289350788,0.0],[79.20818661899285,13.412799913363862,0.0],[79.20903394094387,13.41309878219735,0.0],[79.20976512802976,13.4135099806725,0.0],[79.21041084295776,13.413595302817999,0.0],[79.21182301376795,13.413626518448309,0.0],[79.21342363624956,13.413776526713905,0.0],[79.21513804838143,13.41346174218815,0.0],[79.21778798872012,13.413360463861626,0.0],[79.21985984148402,13.412727057565103,0.0],[79.22053711561604,13.4121935231648,0.0],[79.22126777467568,13.411981144211538,0.0],[79.22320620226074,13.411992969328542,0.0],[79.22461435314712,13.411929291916842,0.0],[79.22688044276508,13.411233637257,0.0],[79.22763026535559,13.410903916896713,0.0],[79.22740515125514,13.410003392472058,0.0],[79.22732323782017,13.407644285678472,0.0],[79.22801598629675,13.405393884954318,0.0],[79.22760971575488,13.404677542169308,0.0],[79.22629720610168,13.401785112744598,0.0],[79.22624323026224,13.401831786902514,0.0],[79.22570931093112,13.402330017452929,0.0],[79.2252358287315,13.402751869220742,0.0],[79.22478520076848,13.403210017781083,0.0],[79.22436688987034,13.403668249997672,0.0],[79.22384684844225,13.404166641948658,0.0],[79.22334684072077,13.404412095635559,0.0],[79.22271799626381,13.404593478036027,0.0],[79.22216743799498,13.404802480071428,0.0],[79.22147306632355,13.405123580654758,0.0],[79.22087218717176,13.405255421922222,0.0],[79.220257151157,13.40545046933502,0.0],[79.2196370322552,13.405708770216338,0.0],[79.2189988133068,13.405908219139205,0.0],[79.21849891906672,13.406130991924512,0.0],[79.21786132689127,13.40623560376078,0.0],[79.21707518462453,13.406470236085823,0.0],[79.21661743042608,13.406593953592468,0.0],[79.21601638706751,13.406752883901468,0.0],[79.21537382589594,13.406916118669292,0.0],[79.21466251954925,13.407002092076947,0.0],[79.21400175746183,13.407124602933301,0.0],[79.21342450487568,13.407170683711994,0.0],[79.21278779519038,13.407135200665927,0.0],[79.21209628705844,13.407013464883237,0.0],[79.21138580496749,13.406954815885175,0.0],[79.21076296343432,13.406923933108251,0.0],[79.21014445162932,13.406929155853964,0.0],[79.20948465831346,13.406897974989283,0.0],[79.2087921409931,13.406920737888496,0.0],[79.2081724238994,13.407120241364801,0.0],[79.2075116294313,13.407247256459888,0.0],[79.20689698073559,13.40736989898099,0.0],[79.2062729393819,13.407515153288351,0.0],[79.20566256673351,13.407683055908567,0.0],[79.20505686260962,13.40786004829393,0.0],[79.20442342664644,13.408027818462182,0.0],[79.20374412726936,13.40815018111935,0.0],[79.20309683735042,13.40832684478794,0.0],[79.2024589622699,13.408476539674504,0.0],[79.20189047582377,13.408590531052509,0.0],[79.20115787262736,13.408400696916546,0.0],[79.20047540612921,13.408301530548624,0.0],[79.19983845892696,13.408306606649031,0.0],[79.19920092149893,13.408397538117212,0.0],[79.1984574592175,13.40845170069676,0.0],[79.19788736173531,13.40810925658344,0.0],[79.19745101193864,13.407781246799145,0.0],[79.19680764794332,13.407361506889647,0.0],[79.19629338736024,13.406942666049526,0.0],[79.19531535091272,13.406168455694655,0.0],[79.19474586360492,13.405740144919063,0.0],[79.19419523132629,13.405239678734937,0.0],[79.19376374131734,13.404875511912085,0.0],[79.19323580599664,13.404438544495703,0.0],[79.19274903399597,13.40407397492508,0.0],[79.19228562666625,13.403641900156483,0.0],[79.19170697805126,13.40319992959099,0.0],[79.19134014187182,13.402836211447786,0.0],[79.19081674711697,13.40241721462219,0.0],[79.19016240449054,13.402250523372627,0.0],[79.18957271773672,13.4020977021402,0.0],[79.18886297269316,13.401935137447984,0.0],[79.18831912842869,13.40181421009931,0.0],[79.18771971957757,13.401724609470643,0.0],[79.18711138328173,13.401594248216496,0.0],[79.18644322382538,13.401431996444327,0.0],[79.18589016297385,13.401320075185676,0.0],[79.18528192354322,13.401158066416993,0.0],[79.18458134243997,13.401013572097,0.0],[79.18396811425478,13.400928411781523,0.0],[79.18331344058318,13.400820347968198,0.0],[79.1826911139936,13.400708022428105,0.0],[79.1821052442736,13.400663625648795,0.0],[79.18141866744475,13.400501245375375,0.0],[79.18082843589225,13.400411669450392,0.0],[79.18014588975196,13.400335074020862,0.0],[79.17950497855891,13.40024964646537,0.0],[79.17884064633166,13.400209323139752,0.0],[79.17825456538341,13.40020108486138,0.0],[79.17765488975782,13.400143083345839,0.0],[79.17704111895378,13.400134682810627,0.0],[79.17648270064042,13.400131128630699,0.0],[79.17583250441564,13.40005025542256,0.0],[79.17506300459448,13.399864613853259,0.0],[79.17446333084789,13.399806599093429,0.0],[79.1738912779758,13.399775849423422,0.0],[79.17332362722453,13.39976778661008,0.0],[79.17261312842714,13.399736145888214,0.0],[79.17192141031472,13.399645859445531,0.0],[79.17130361965921,13.399551643595911,0.0],[79.17104217515322,13.399547920324656,0.0],[79.17072670901007,13.39954342746329,0.0],[79.17014561512269,13.3994764346464,0.0],[79.1693568155494,13.399421751372683,0.0],[79.16877084723856,13.399395433275021,0.0],[79.16802356429884,13.399336449357511,0.0],[79.16766090196,13.399736265061101,0.0],[79.16732097011099,13.400190428194138,0.0],[79.16696692564273,13.400680683974276,0.0],[79.16663525711805,13.401284037178328,0.0],[79.16622957499408,13.401905003961096,0.0],[79.16598129735152,13.40245462249436,0.0],[79.16551153643192,13.402307021188435,0.0],[79.164898669045,13.402163030600237,0.0],[79.1641105957151,13.401986288721483,0.0],[79.16342400507288,13.401828354948787,0.0],[79.16264059342596,13.401647099116516,0.0],[79.16206461844853,13.401498868864866,0.0],[79.16126247863149,13.401367180032382,0.0],[79.16098593990137,13.401306683361916,0.0],[79.1607094004878,13.401246186165825,0.0],[79.15995543756367,13.4008076020896,0.0],[79.15944746210646,13.400854050212834,0.0],[79.1584474784586,13.400621733944796,0.0],[79.15787486434738,13.400667708750168,0.0],[79.15695087518334,13.400806368034292,0.0],[79.15747763694924,13.402097512309206,0.0],[79.15766826538764,13.402577605583007,0.0],[79.15795072017401,13.403126145436058,0.0],[79.15821586740788,13.404029121609453,0.0],[79.15846515256814,13.4048780709308,0.0],[79.15836000407023,13.405415008444068,0.0],[79.15820925742996,13.405865911566838,0.0],[79.15805232692888,13.40655622670405,0.0],[79.15799422539288,13.406971497010339,0.0],[79.15787992343076,13.407490341757,0.0],[79.15777075456457,13.407941490558269,0.0],[79.15732265540305,13.408006415717534,0.0],[79.15673798641002,13.407776783173315,0.0],[79.15622204195734,13.407637854426737,0.0],[79.15575683897221,13.407485802238352,0.0],[79.15560701293678,13.40781467503439,0.0],[79.15506666255003,13.407865361478628,0.0],[79.15496788876774,13.407449080418118,0.0],[79.15491108742887,13.406969761413306,0.0],[79.15489034126311,13.406621756673628,0.0],[79.15450264369038,13.406623742645001,0.0],[79.15450493154559,13.40697617224764,0.0],[79.1544603866374,13.40741418846773,0.0],[79.15391680928413,13.407266113431984,0.0],[79.15343203546115,13.407285568105262,0.0],[79.15331710461707,13.407903867369226,0.0],[79.15324815576787,13.408545012951931,0.0],[79.152983242445,13.408626546005543,0.0],[79.15271627720473,13.408708710236603,0.0],[79.15275332063219,13.40937314744546,0.0],[79.15287391886106,13.409974883025763,0.0],[79.1529484802909,13.410562748809394,0.0],[79.15306904439547,13.411155419603373,0.0],[79.15314346868465,13.41176586241275,0.0],[79.15325943998792,13.4123675747941,0.0],[79.15333873671355,13.412923829937254,0.0],[79.153445449251,13.413525489807121,0.0],[79.15354815111439,13.414041174217415,0.0],[79.1529713008181,13.41402844458676,0.0],[79.15222355729931,13.414032659027553,0.0],[79.15165571028244,13.41404708648063,0.0],[79.15094438221068,13.414123861813556,0.0],[79.15030693361328,13.41420560225859,0.0],[79.14969245293584,13.414287477412822,0.0],[79.14904585222195,13.41435102399742,0.0],[79.1489722054332,13.41363214067262,0.0],[79.14862511965833,13.413083185126245,0.0],[79.14841164160282,13.412571285831877,0.0],[79.14844368991567,13.411925382957465,0.0],[79.14854476219585,13.411320508026494,0.0],[79.14865915011059,13.410779088262005,0.0],[79.14887448497623,13.410328660834363,0.0],[79.14928380574773,13.409870402765396,0.0],[79.14950864792279,13.409379413761782,0.0],[79.1495299449174,13.408959302280582,0.0],[79.14880609582924,13.40883262776167,0.0],[79.14873314542281,13.409383355156885,0.0],[79.1483465363608,13.409222767167341,0.0],[79.14829348537988,13.408874477170604,0.0],[79.14781853338089,13.408817177743698,0.0],[79.14772830043917,13.409196171888087,0.0],[79.14761460682983,13.409624713036445,0.0],[79.14739540121217,13.409966677798533,0.0],[79.14703739392053,13.41034834849893,0.0],[79.14684410044339,13.410948050933328,0.0],[79.14659621288493,13.411434459813776,0.0],[79.14608257611692,13.411625443000363,0.0],[79.14544442883671,13.411806527975756,0.0],[79.14474959390027,13.411494771859093,0.0],[79.14455461899107,13.410973912580578,0.0],[79.14433232844905,13.41040764928495,0.0],[79.14425777477523,13.409824312418385,0.0],[79.14366271043342,13.409779794974579,0.0],[79.14302507139135,13.409879634876257,0.0],[79.14227274669237,13.40987923688091,0.0],[79.14158803134502,13.410092446447232,0.0],[79.14145935025736,13.410718857827613,0.0],[79.14129835416996,13.411318746292478,0.0],[79.14115167144702,13.411850991709834,0.0],[79.14104052062854,13.412325649285211,0.0],[79.14100904557543,13.41246005817283,0.0],[79.14113902612176,13.413034664679692,0.0],[79.14127309636125,13.413681649297331,0.0],[79.14141258504596,13.41420218636411,0.0],[79.14164800505789,13.41489048691161,0.0],[79.1418100809619,13.4154879561028,0.0],[79.14198141939096,13.416085572071983,0.0],[79.14211598279933,13.416669278034933,0.0],[79.14225530909613,13.417216927596236,0.0],[79.14245804139716,13.417950191698004,0.0],[79.14255099382272,13.418538186908735,0.0],[79.14269518911482,13.419063201119455,0.0],[79.14284194204016,13.41987746565595,0.0],[79.1429165781899,13.420447311043548,0.0],[79.14305099992559,13.421040090730191,0.0],[79.14246404657169,13.42115827578968,0.0],[79.14183132299927,13.42120383202252,0.0],[79.14124053198638,13.421209016118748,0.0],[79.1405715076094,13.42116404334424,0.0],[79.13996222001117,13.42116457831336,0.0],[79.13929782727755,13.421119627296491,0.0],[79.13858728237716,13.421078839770237,0.0],[79.13802935191356,13.420998343255112,0.0],[79.13738785346358,13.42098063045497,0.0],[79.13671849207844,13.420989858499716,0.0],[79.13612249808318,13.42107178669909,0.0],[79.13550901176148,13.421018148441105,0.0],[79.13475191000053,13.421031283084988,0.0],[79.134110298544,13.421031598051613,0.0],[79.13346440446757,13.420991174160038,0.0],[79.13283194211424,13.421009673141384,0.0],[79.13221276123262,13.421095978903194,0.0],[79.13145738700565,13.419509611918269,0.0],[79.13114193327503,13.419064792177071,0.0],[79.13077250419543,13.41842525246094,0.0],[79.13045282231316,13.417917120078853,0.0],[79.12994743760973,13.417570435158286,0.0],[79.12942690836688,13.41742240156333,0.0],[79.12886468097265,13.4172921584417,0.0],[79.12818682455597,13.417197388284103,0.0],[79.1275174241372,13.417215549182965,0.0],[79.12702757961162,13.417298263483557,0.0],[79.12646779957063,13.41748427643014,0.0],[79.12597134208735,13.41786515513048,0.0],[79.12550291813723,13.418191891931778,0.0],[79.1251822483704,13.418515082956445,0.0],[79.12505154955028,13.41804888738226,0.0],[79.12469084687703,13.418141354177544,0.0],[79.12434742787163,13.418414718003811,0.0],[79.12448669316628,13.41897589725613,0.0],[79.12475828991131,13.420432604940943,0.0],[79.12430121598446,13.420443155738377,0.0],[79.12349721074492,13.419222392936252,0.0],[79.1231012259769,13.419079718190234,0.0],[79.12256087604433,13.4191214000945,0.0],[79.1220979683902,13.419321677679497,0.0],[79.12174133143075,13.419627039573578,0.0],[79.12119732063859,13.420074814032386,0.0],[79.1207878538699,13.420551049308818,0.0],[79.12028190640942,13.420963406815734,0.0],[79.11977627208762,13.421326079409923,0.0],[79.11919650075825,13.421737891942763,0.0],[79.11862193223662,13.422059429128925,0.0],[79.11804822782234,13.42224541760455,0.0],[79.11752100675692,13.422404577953934,0.0],[79.11680061368527,13.42244051062034,0.0],[79.11615381526782,13.4225265792095,0.0],[79.11582233738588,13.42257251815732,0.0],[79.11543771141882,13.422630262165223,0.0],[79.1148553236926,13.422739387201366,0.0],[79.11417144938338,13.422843352805936,0.0],[79.11355682718414,13.4229521836106,0.0],[79.11296538313256,13.42304320216235,0.0],[79.11168508103516,13.42329218134948,0.0],[79.11106272228415,13.42383934428136,0.0],[79.11061335042072,13.4240758496534,0.0],[79.11000721900616,13.424288627411425,0.0],[79.10944220244401,13.42456050088664,0.0],[79.10892767780743,13.424873396619812,0.0],[79.10832012940845,13.425276022682304,0.0],[79.10780132438427,13.425548176852507,0.0],[79.10723184170476,13.425792905624698,0.0],[79.10661124817261,13.426091535840643,0.0],[79.10595487122903,13.426222653985812,0.0],[79.10526250670402,13.426218083317181,0.0],[79.10465296273944,13.426254643864997,0.0],[79.10407128839877,13.426264357412112,0.0],[79.10337376441333,13.42634098513977,0.0],[79.10279197224848,13.42636873525608,0.0],[79.10205825837934,13.426341223864226,0.0],[79.1014304234105,13.42634156992556,0.0],[79.10083972560032,13.42632854562312,0.0],[79.1001519327409,13.426333045047345,0.0],[79.09945505508148,13.4263102841837,0.0],[79.09878563569299,13.426323869293206,0.0],[79.09818110430342,13.426301770202558,0.0],[79.09757224067089,13.426247998411624,0.0],[79.09695850590698,13.426216768557152,0.0],[79.09634943321662,13.426181032753217,0.0],[79.09559779223534,13.426076578231303,0.0],[79.0950302191574,13.42605469813486,0.0],[79.0944257183898,13.426028049962555,0.0],[79.09373409757633,13.425910452595765,0.0],[79.09309303115792,13.42583832329566,0.0],[79.09245154522853,13.425815968210506,0.0],[79.09174555994633,13.425784136264026,0.0],[79.0910907803475,13.425684801172691,0.0],[79.09057925344626,13.425563882142713,0.0],[79.09050113475384,13.426173332007675,0.0],[79.09047395293113,13.426755994395974,0.0],[79.09059907915962,13.427348776107852,0.0],[79.09077496177402,13.427928279703005,0.0],[79.09103877267822,13.428490384748182,0.0],[79.0913066491628,13.429124783444488,0.0],[79.09162543730952,13.429736832729905,0.0],[79.09175998155769,13.430307101914844,0.0],[79.09191242194765,13.430945216484076,0.0],[79.09203639556954,13.431700664004701,0.0],[79.0916068286161,13.431733862362147,0.0],[79.09112718860375,13.431676433306425,0.0],[79.09125674195612,13.43228729580868,0.0],[79.0914232550007,13.432898392622414,0.0],[79.0916502387956,13.433442138024857,0.0],[79.09179344912495,13.434075666894838,0.0],[79.091918439004,13.434691038042441,0.0],[79.09207554629691,13.435324656684626,0.0],[79.09228831512281,13.435918005926643,0.0],[79.09251058688378,13.436475235461272,0.0],[79.09264930895493,13.43775035071506,0.0],[79.09247014348277,13.438286829646668,0.0],[79.09221660991066,13.438890665078466,0.0],[79.09188087883182,13.439371844938163,0.0],[79.09148019038632,13.439897770397213,0.0],[79.09114887679982,13.440410712967813,0.0],[79.09080306738944,13.441000276285173,0.0],[79.09035674415308,13.441449110863497,0.0],[79.08994274633467,13.441898149968333,0.0],[79.0895427610161,13.442329231975508,0.0],[79.08913347979842,13.442764788365231,0.0],[79.08877101534121,13.443096635551349,0.0],[79.0880082301207,13.443249675211808,0.0],[79.0874485635618,13.443408530684138,0.0],[79.08698579233199,13.44356808936284,0.0],[79.08644416847066,13.443785814797467,0.0],[79.08597664345531,13.443963384608992,0.0],[79.08539835679824,13.444149317710888,0.0],[79.08484295315436,13.44434881402407,0.0],[79.08439386100461,13.444540098412173,0.0],[79.08388064717323,13.444649635848444,0.0],[79.08337543399969,13.44493531584742,0.0],[79.08291307600251,13.445045174720526,0.0],[79.08244096916196,13.445213727716926,0.0],[79.08182062843687,13.445467024005296,0.0],[79.08120187936638,13.445480941692331,0.0],[79.08061600412488,13.445427241371146,0.0],[79.08008606929745,13.445292559325566,0.0],[79.0795152666581,13.445062766598657,0.0],[79.07882474224638,13.44479602616653,0.0],[79.0784297887698,13.444508686855826,0.0],[79.07790633369424,13.44411207512493,0.0],[79.07748444099362,13.443711579124427,0.0],[79.0774500158748,13.44373878499246,0.0],[79.07699698762762,13.444096821395311,0.0],[79.07661099949719,13.444491780936085,0.0],[79.07616516514764,13.444872845211957,0.0],[79.0756316310314,13.445248720959054,0.0],[79.07519965362502,13.44562089524697,0.0],[79.07461556143372,13.44596479836522,0.0],[79.07408153265618,13.446399425332913,0.0],[79.07358936878238,13.44680729800908,0.0],[79.07314787530258,13.447215405117142,0.0],[79.0725677628894,13.447640755404775,0.0],[79.07214515646237,13.447994848438036,0.0],[79.07163829386869,13.448506447147714,0.0],[79.07119240133787,13.448892034274238,0.0],[79.0703837977348,13.449636539058051,0.0],[79.07023872078123,13.44991117155659,0.0],[79.07006664445377,13.450095224863697,0.0],[79.06981215548387,13.450626515326148,0.0],[79.0694909909936,13.450543173068201,0.0],[79.06889659755355,13.450389986398871,0.0],[79.06837192689738,13.45016044434593,0.0],[79.06716931381541,13.44984499308795,0.0],[79.06658406747474,13.449696390272143,0.0],[79.06587431413745,13.449533375711066,0.0],[79.06527477641713,13.449443434367408,0.0],[79.06471263203329,13.449304041778108,0.0],[79.06420732686719,13.448952649204834,0.0],[79.06356040063976,13.448392412841553,0.0],[79.06311868973884,13.448186060775779,0.0],[79.06262719749395,13.447848265366158,0.0],[79.06221944795686,13.447416255766791,0.0],[79.06174283859153,13.446920414182346,0.0],[79.06128368392085,13.446582916879821,0.0],[79.0608904216391,13.44605152731131,0.0],[79.0604730806958,13.445669143656835,0.0],[79.06002822927579,13.44525937689817,0.0],[79.05958470390614,13.44466899059328,0.0],[79.05919108511145,13.444205332406632,0.0],[79.05873750135362,13.443718794229786,0.0],[79.05842614875039,13.443364211223384,0.0],[79.05805084797228,13.442918807419582,0.0],[79.05791065692443,13.44251565245653,0.0],[79.05765051321383,13.442030355609868,0.0],[79.05693579921221,13.44198934057406,0.0],[79.05639561678669,13.442003666120216,0.0],[79.0550849322467,13.441953998807952,0.0],[79.05443346479343,13.442026253868342,0.0],[79.05383893908606,13.441900211068566,0.0],[79.0531211997538,13.442206964649086,0.0],[79.05233820848326,13.442599156310319,0.0],[79.05195324015051,13.442849518252215,0.0],[79.05145300205913,13.443076541733364,0.0],[79.05090628888185,13.443352856498526,0.0],[79.05039168459106,13.443661117577648,0.0],[79.05046054405202,13.444343819057247,0.0],[79.05050213926808,13.444976740723982,0.0],[79.05060845741406,13.44560102381643,0.0],[79.05070081860651,13.446234282643372,0.0],[79.05079358661145,13.446808697441162,0.0],[79.05092229158299,13.447518999950894,0.0],[79.0510057020987,13.448120558060255,0.0],[79.05115806622318,13.448758750792773,0.0],[79.05127841115784,13.449351484950444,0.0],[79.05143677671798,13.449790863044027,0.0],[79.0509887084375,13.449837422042952,0.0],[79.05044364518052,13.449869829907712,0.0],[79.05052643415692,13.450561702844636,0.0],[79.05063670586344,13.45127189388741,0.0],[79.05060366206638,13.452008163108326,0.0],[79.05053467824298,13.452608633799837,0.0],[79.05038262570008,13.453204024600556,0.0],[79.05010164729552,13.453753316409916,0.0],[79.04968738757873,13.454229459237755,0.0],[79.04921778756713,13.45468256742116,0.0],[79.04781385096206,13.456032846401728,0.0],[79.04742677903457,13.456567835081769,0.0],[79.047328408303,13.456766044470177,0.0],[79.0467201633516,13.458510418633402,0.0],[79.04696588549366,13.459004709266193,0.0],[79.0472010663878,13.459684099948943,0.0],[79.04748689667466,13.460368360760496,0.0],[79.04684733073985,13.460716333419054,0.0],[79.04638833681365,13.460984249750206,0.0],[79.04581766110337,13.461364413786791,0.0],[79.0453261424229,13.461659225966342,0.0],[79.04483430792465,13.461999193409255,0.0],[79.04429154368533,13.462361400834418,0.0],[79.0436100801483,13.462749799591036,0.0],[79.0431321050035,13.463080786412588,0.0],[79.04250209504595,13.463370135916245,0.0],[79.04188604270524,13.4636505077586,0.0],[79.0414403325528,13.463990772731023,0.0],[79.04084236767686,13.464320954233067,0.0],[79.04028133471786,13.464656004549292,0.0],[79.03993161713997,13.4651279409619,0.0],[79.03948507972945,13.465585718830173,0.0],[79.03894582007032,13.466092572202028,0.0],[79.03858679638563,13.466582580721635,0.0],[79.03818676711639,13.466986439600506,0.0],[79.03782745656521,13.467503560425703,0.0],[79.03735751905707,13.46800633917939,0.0],[79.03676450623688,13.468923985124201,0.0],[79.03642809793106,13.469463838687458,0.0],[79.03599609490738,13.469826855344795,0.0],[79.03601998306893,13.470346629667011,0.0],[79.03549557288788,13.47008993244267,0.0],[79.03361483284267,13.471567893112764,0.0],[79.03334263547104,13.47217147170764,0.0],[79.0329151855949,13.472543490406148,0.0],[79.03227748853591,13.47262490442097,0.0],[79.03160313847101,13.472660818152184,0.0],[79.03092888301042,13.472683217565532,0.0],[79.03033304277122,13.472715210341903,0.0],[79.0297547832266,13.47286928814873,0.0],[79.02929238369843,13.472965382184851,0.0],[79.02932008541399,13.473598181848084,0.0],[79.02888316378545,13.473997240811348,0.0],[79.02840089267856,13.474283090779485,0.0],[79.02789862382446,13.474776562742209,0.0],[79.02757286172903,13.475126764739903,0.0],[79.02705732567135,13.475529824141224,0.0],[79.02653394894693,13.475756537448012,0.0],[79.0265673238603,13.476240294696114,0.0],[79.0260356952309,13.476335911222204,0.0],[79.02542191018335,13.476295486475582,0.0],[79.02488091866931,13.476404638018598,0.0],[79.02442313766868,13.476500747919259,0.0],[79.02448874557452,13.476998328781043,0.0],[79.02391010975828,13.477202078729,0.0],[79.02329053995733,13.477310691839028,0.0],[79.02292849076059,13.476946584470317,0.0],[79.02231764338957,13.477132063166284,0.0],[79.0214479889505,13.477356408954739,0.0],[79.02041220022659,13.477565926849312,0.0],[79.01984451921896,13.477543838138786,0.0],[79.01917461348414,13.477602395786496,0.0],[79.0185179034803,13.477746828892503,0.0],[79.01790765735291,13.477846414154278,0.0],[79.01731507296853,13.478068180005836,0.0],[79.01559845280019,13.478566568213527,0.0],[79.015010466648,13.478779288051417,0.0],[79.01446421135417,13.4789742449956,0.0],[79.01380713381552,13.479168440881416,0.0],[79.01317338634216,13.479326610445138,0.0],[79.01256361036003,13.479371947103877,0.0],[79.01189800197172,13.47947566289397,0.0],[79.01131635061729,13.479462513105151,0.0],[79.01083525424866,13.479576557741558,0.0],[79.01081782997989,13.480055351497812,0.0],[79.01045733227133,13.480111549327324,0.0],[79.01004836484783,13.480465590259126,0.0],[79.00952503875924,13.480678824316444,0.0],[79.00895569654706,13.480873512058638,0.0],[79.00834435776727,13.481122229101453,0.0],[79.00786269618659,13.48132667598551,0.0],[79.00728706344617,13.481738236411426,0.0],[79.00682749941983,13.482064806039265,0.0],[79.00640856284797,13.48252723143729,0.0],[79.005985092292,13.482962508906658,0.0],[79.00561232856407,13.483420808437964,0.0],[79.00522047558754,13.483955695561566,0.0],[79.00493964110065,13.484464234577226,0.0],[79.00462211807869,13.484945496452735,0.0],[79.00432741202818,13.485449496259099,0.0],[79.00397699188912,13.48600725184932,0.0],[79.00363593789689,13.486538046686206,0.0],[79.00329021595464,13.487073253850427,0.0],[79.00296755904057,13.48762222391558,0.0],[79.00266820198469,13.48813970562068,0.0],[79.00239619599037,13.488693560548505,0.0],[79.00181515907543,13.489832666928478,0.0],[79.00141495038194,13.490249964436265,0.0],[79.00093598776114,13.490702900435757,0.0],[79.00049432959005,13.4910974181548,0.0],[78.9999603385857,13.491495737427268,0.0],[78.99945894816707,13.491858188614113,0.0],[78.99898989669164,13.492220771720854,0.0],[78.99866121677285,13.492331395412968,0.0],[78.99695654268655,13.493064735057583,0.0],[78.99573222409423,13.49315532963136,0.0],[78.99483596231175,13.49322117831655,0.0],[78.99408251704861,13.493324203360578,0.0],[78.99342231818322,13.493310432306018,0.0],[78.99278995902651,13.493278806774498,0.0],[78.99251728247937,13.493308459628981,0.0],[78.99216565297432,13.493400771405776,0.0],[78.99146762124676,13.493504170731638,0.0],[78.99084396720205,13.49354941129245,0.0],[78.98981372843126,13.493623358597327,0.0],[78.98829404444741,13.493689146948075,0.0],[78.9875798457836,13.493494226164186,0.0],[78.98653991321436,13.493007709582143,0.0],[78.98534216997679,13.492646586866936,0.0],[78.98476629531734,13.492470764309447,0.0],[78.98362845183348,13.492119028416191,0.0],[78.9823973905416,13.491879715637014,0.0],[78.98170545879711,13.491784318810533,0.0],[78.98088501766125,13.491597591595799,0.0],[78.98053054626754,13.491459502550645,0.0],[78.98084908133474,13.492686338089563,0.0],[78.98105732524954,13.49445463208759,0.0],[78.98127767826917,13.495838945732483,0.0],[78.98152168342757,13.497761139970342,0.0],[78.98155516096043,13.500043261739656,0.0],[78.981665344214,13.50073538425734,0.0],[78.98181407220227,13.501215470598435,0.0],[78.98274411678223,13.507674929590463,0.0],[78.9833239602295,13.510376718704943,0.0],[78.98878401967913,13.51381883298935,0.0],[78.99338696045471,13.516436707720999,0.0],[78.99552024987511,13.517690234258385,0.0],[78.99865854027912,13.520424002735751,0.0],[78.9991474211509,13.521123318713999,0.0],[79.00754085333638,13.531346070193008,0.0],[79.00903330323715,13.532495354841059,0.0],[79.01162744043492,13.533928191091556,0.0],[79.01438763671298,13.536012903704542,0.0],[79.01687000606093,13.53819953399837,0.0],[79.02108805163374,13.53801246901036,0.0],[79.0240564929903,13.539443292000538,0.0],[79.02688167026393,13.539625933341043,0.0],[79.03520542279529,13.539467389152529,0.0],[79.04208390037202,13.539895040271306,0.0],[79.04369063695464,13.539964940248492,0.0],[79.04385534546599,13.54018299300838,0.0],[79.04160030157917,13.545413644440321,0.0],[79.03931828083377,13.553707836804682,0.0],[79.0392042868537,13.554140833816437,0.0],[79.04024899112744,13.555286883927963,0.0],[79.0428466726198,13.555675512675956,0.0],[79.04486626896147,13.552973711449928,0.0],[79.04771963645616,13.548659968314563,0.0],[79.04971127825205,13.549166366292324,0.0],[79.04952691224325,13.551663985397628,0.0],[79.05046469221749,13.552917641924337,0.0],[79.05345240895824,13.553643259219577,0.0],[79.0542931090136,13.552998416791704,0.0],[79.05524078814749,13.552245788722681,0.0],[79.05729690645377,13.551496239438407,0.0],[79.06123616541076,13.551577644051514,0.0],[79.06352872776974,13.549424345493568,0.0],[79.0658076132648,13.54851358525257,0.0],[79.0681270087178,13.546473424280897,0.0],[79.06962878337923,13.545720035770739,0.0],[79.07125067946289,13.54432123588094,0.0],[79.0732613658929,13.542161478579825,0.0],[79.07482392593533,13.541304491233124,0.0],[79.07534694533246,13.537891827415292,0.0],[79.08019189682032,13.535263199181294,0.0],[79.08124829546163,13.53348549425785,0.0],[79.08075873400324,13.531525517947411,0.0],[79.0808195005584,13.5307668388783,0.0],[79.08188057443178,13.5302860022968,0.0],[79.08304163739797,13.530673425680327,0.0],[79.0834884206617,13.53018839502085,0.0],[79.08244664881359,13.528604324291688,0.0],[79.08061707786676,13.528049648900652,0.0],[79.07823378143742,13.528087755550018,0.0],[79.0777996882879,13.526783360388084,0.0],[79.07936143027874,13.52537963132956,0.0],[79.08002756986893,13.525221445248794,0.0],[79.07987752089805,13.522938529578802,0.0],[79.07899810640285,13.521902318226186,0.0],[79.07762122760761,13.520699937842922,0.0],[79.07949838863932,13.518439810275146,0.0],[79.07951827379982,13.518241077551872,0.0],[79.07970713881396,13.51635359426612,0.0],[79.08024103537424,13.515295320463661,0.0],[79.08057774499692,13.514701147687813,0.0],[79.08216531592655,13.514196754087035,0.0],[79.08310734646003,13.514203204828664,0.0],[79.08460482772476,13.514674182325539,0.0],[79.08606961266268,13.515199264295104,0.0],[79.08914193418107,13.516308967595057,0.0],[79.09061732299891,13.515342854699592,0.0],[79.0922032520183,13.51505537396316,0.0],[79.10571459965306,13.515172870258588,0.0],[79.10718521533691,13.515526087128292,0.0],[79.10780042828611,13.514716814347484,0.0],[79.10852085726508,13.514721635726241,0.0],[79.10912437127288,13.515593230355286,0.0],[79.11140280868324,13.515337297957846,0.0],[79.11195687360754,13.515340894869867,0.0],[79.11311202944667,13.517246448092095,0.0],[79.11421578245246,13.517908968192987,0.0],[79.1155404909006,13.518676866122357,0.0],[79.11807839011296,13.520975613707616,0.0],[79.11918144009327,13.521742037331231,0.0],[79.12040893773224,13.521207892389006,0.0],[79.12168461763811,13.521053597316023,0.0],[79.12401586037518,13.521177439124784,0.0],[79.12690129019457,13.521304783275228,0.0],[79.13377607320092,13.522217414429143,0.0],[79.13676640436934,13.523212893407612,0.0],[79.14309962343414,13.522278052092044,0.0],[79.14409848339237,13.5220676749709,0.0],[79.14645791348437,13.524188657632367,0.0],[79.15313400144538,13.529261069199947,0.0],[79.16143618337114,13.532242467204053,0.0],[79.16441959380153,13.534326574927368,0.0],[79.17005310442536,13.537945795758024,0.0],[79.17558218462483,13.542025185476971,0.0],[79.17982947759022,13.546503020070562,0.0],[79.1761999307816,13.550587679486192,0.0],[79.1745778446503,13.55280511469716,0.0],[79.17295083846122,13.555076851668671,0.0],[79.1708648399298,13.560386715428798,0.0],[79.16954604157684,13.565620233004726,0.0],[79.17005807435777,13.571981472052261,0.0],[79.17206360667248,13.578831283194745,0.0],[79.17455046558747,13.586267073684098,0.0],[79.17679627521619,13.59106231810866,0.0],[79.17695084072541,13.592839235082389,0.0],[79.17374507383676,13.599068664296796,0.0],[79.17199988283875,13.603074933937135,0.0],[79.17124977883901,13.60333225675753,0.0],[79.17075199907994,13.603148319361859,0.0],[79.16998215029754,13.602894865907881,0.0],[79.16941517668577,13.602697009300238,0.0],[79.16883452195997,13.602476391224645,0.0],[79.16814781627863,13.602232479052727,0.0],[79.16753447091551,13.602065917408728,0.0],[79.16691207165063,13.601863104454555,0.0],[79.16632596881631,13.601778069236014,0.0],[79.1656802064643,13.601620294237055,0.0],[79.1650776836842,13.601214287708288,0.0],[79.1644835250881,13.600943861484577,0.0],[79.16400911316727,13.600733003717803,0.0],[79.16349724970071,13.600580531413037,0.0],[79.16284215102458,13.600449813589682,0.0],[79.16216273166785,13.600490681284056,0.0],[79.16172363196549,13.600528589227837,0.0],[79.16106697563667,13.600623742581583,0.0],[79.16045718997235,13.600606312677685,0.0],[79.15976902857696,13.600574816309246,0.0],[79.15893346098673,13.600488116243966,0.0],[79.158424373424,13.60061142510803,0.0],[79.15774337027075,13.600896204043922,0.0],[79.15724330573158,13.601060204062106,0.0],[79.15662289123483,13.601264139340795,0.0],[79.15592353519801,13.60153074997307,0.0],[79.15531257402326,13.601689557842345,0.0],[79.15472468764484,13.601866460750003,0.0],[79.15409004935799,13.60212001741832,0.0],[79.15353923696861,13.60227009768223,0.0],[79.15297839924581,13.602542135434259,0.0],[79.15251926208363,13.602805787632299,0.0],[79.15207349640362,13.60314191133115,0.0],[79.15171974009723,13.603537269722587,0.0],[79.15146155519307,13.604136583347355,0.0],[79.15084952013574,13.604467099325445,0.0],[79.15014111292898,13.604692989277684,0.0],[79.149534518387,13.60489244199342,0.0],[79.14897417330248,13.605096701475755,0.0],[79.14833962168862,13.605332091238973,0.0],[79.14761828906416,13.605426894045891,0.0],[79.14700388380021,13.60541836088381,0.0],[79.14633789092777,13.605518020954634,0.0],[79.14576950474758,13.605536880192906,0.0],[79.14510834309891,13.605604901466918,0.0],[79.14445677211435,13.605636870556816,0.0],[79.14386935991149,13.605732450054616,0.0],[79.14326334884606,13.605850595405704,0.0],[79.14271336058376,13.605878623937809,0.0],[79.14202896270562,13.60596908281327,0.0],[79.14144626791712,13.60605116259663,0.0],[79.14069719614947,13.606145765660866,0.0],[79.14011475396852,13.606187108746898,0.0],[79.13943496084181,13.606282117936694,0.0],[79.13891716885993,13.606337541016654,0.0],[79.13817278777033,13.60642308717858,0.0],[79.13754409904406,13.606473215129148,0.0],[79.13686003366716,13.606509400652131,0.0],[79.13627332688053,13.606505614367641,0.0],[79.13563076177257,13.60656463198006,0.0],[79.1349700807481,13.606569378579158,0.0],[79.13423490527191,13.60665042379329,0.0],[79.1335878722534,13.606682371138355,0.0],[79.13295445874382,13.606746058583033,0.0],[79.13232142147685,13.60676447660615,0.0],[79.13165112213443,13.606823400183387,0.0],[79.13102262977237,13.606841839904268,0.0],[79.13033384460464,13.606905181816037,0.0],[79.12975128153576,13.606964626265688,0.0],[79.12911801502854,13.607019225865399,0.0],[79.12848485456469,13.607042162276775,0.0],[79.12781014405091,13.607064844328498,0.0],[79.12716328503099,13.607083245834607,0.0],[79.12641428410495,13.60716416843397,0.0],[79.12568889156924,13.60716394314504,0.0],[79.12510638299466,13.60721429726273,0.0],[79.12445021956174,13.607237166965517,0.0],[79.12382618916412,13.60728272756091,0.0],[79.1231654754333,13.607291955823955,0.0],[79.1225091315698,13.607328332795266,0.0],[79.12193111448363,13.607401290619952,0.0],[79.12115417597708,13.60751367587191,0.0],[79.12058554656667,13.607568723154282,0.0],[79.11992891405569,13.607650264985569,0.0],[79.11925877845891,13.60768200695874,0.0],[79.11845422037926,13.60777606496667,0.0],[79.11777968389916,13.607785183961436,0.0],[79.11711875802834,13.607812436423629,0.0],[79.11654595808719,13.607808655041541,0.0],[79.11593110372218,13.607854329448374,0.0],[79.1153257036231,13.607886450451016,0.0],[79.11462766059886,13.607945123784573,0.0],[79.11402651389913,13.608022443882113,0.0],[79.11331855532502,13.608180481444155,0.0],[79.11277307310101,13.608226567632661,0.0],[79.11207887425739,13.608393665222891,0.0],[79.11144999217314,13.608470803723643,0.0],[79.11085327477461,13.608579889991308,0.0],[79.11015945047419,13.608688193451272,0.0],[79.10955788888384,13.608828815947705,0.0],[79.10892906240086,13.608896962633159,0.0],[79.1082720656327,13.609032700927608,0.0],[79.10763367039425,13.609145962242666,0.0],[79.10693054122653,13.609272336731172,0.0],[79.10635679421878,13.609399509664561,0.0],[79.10573204340085,13.60955358067917,0.0],[79.10512140442525,13.60966246646243,0.0],[79.10450175879255,13.609744169277088,0.0],[79.10384041006459,13.609834681121916,0.0],[79.10316981913542,13.609934114629777,0.0],[79.10263324330116,13.610020951574034,0.0],[79.10198539204501,13.610174772943648,0.0],[79.10132371540494,13.610314986985989,0.0],[79.10067160757315,13.610409987416606,0.0],[79.10003346419144,13.610482574420898,0.0],[79.09942733633002,13.610609608692895,0.0],[79.0987985594643,13.61068215721046,0.0],[79.09810495173637,13.610754388731392,0.0],[79.09743878222436,13.61088548412243,0.0],[79.09680506634221,13.610989655444763,0.0],[79.09617592739826,13.611102923886948,0.0],[79.0955188777842,13.611243140749666,0.0],[79.094885039641,13.611365447120079,0.0],[79.09424677496939,13.611469578780277,0.0],[79.09358496549996,13.611627810495454,0.0],[79.09292354085258,13.611727344427248,0.0],[79.09229026624185,13.611777337752601,0.0],[79.0915734688926,13.611876426786878,0.0],[79.0909631064486,13.611940076203771,0.0],[79.09028806789635,13.612007851561748,0.0],[79.08963615492769,13.61208484110775,0.0],[79.08903973291523,13.612144034482215,0.0],[79.08835098867077,13.612180051633993,0.0],[79.08770837634488,13.612239037903233,0.0],[79.08705224290266,13.61225266587596,0.0],[79.08639096029263,13.612329581426955,0.0],[79.0857672557173,13.612334337130848,0.0],[79.08510666368333,13.612320892197003,0.0],[79.08448346897387,13.612248894744914,0.0],[79.08385539457609,13.612199453085116,0.0],[79.0832000151555,13.61211363726264,0.0],[79.08254463286423,13.612014301043953,0.0],[79.08188943316173,13.611887836585495,0.0],[79.08122986930451,13.61173430745303,0.0],[79.08058837115485,13.611625977994784,0.0],[79.0798225508184,13.61146713842604,0.0],[79.07926418864079,13.611368496079477,0.0],[79.07865551815931,13.611206116962702,0.0],[79.07798223143203,13.611025359073468,0.0],[79.07736458922587,13.61081782908611,0.0],[79.07675589302701,13.61065997804153,0.0],[79.076105674184,13.61048389642266,0.0],[79.07542154385847,13.610537933614506,0.0],[79.07481611994922,13.610556457055212,0.0],[79.074274615398,13.61069731898716,0.0],[79.07353450187824,13.61081431226218,0.0],[79.07295693125857,13.610828471024323,0.0],[79.07230528663534,13.610851132685564,0.0],[79.07166785826067,13.610828703244472,0.0],[79.07107125144314,13.610915037923089,0.0],[79.0704295515593,13.61085193260903,0.0],[79.06962530733455,13.610891559993243,0.0],[79.06907516087081,13.610937542739444,0.0],[79.06842293588703,13.611046005769298,0.0],[79.06775756153964,13.611055039799732,0.0],[79.06709630524364,13.611140939682823,0.0],[79.06642562001333,13.611249274194346,0.0],[79.06580621923058,13.611290258718876,0.0],[79.06525603975004,13.611340672056532,0.0],[79.06462727167522,13.61139510904756,0.0],[79.06398459124782,13.611463061027226,0.0],[79.06327714186683,13.611548552620789,0.0],[79.06272649984449,13.61166681255228,0.0],[79.06209720632947,13.611798076666181,0.0],[79.06134341063657,13.611892238468855,0.0],[79.06069139023766,13.611969096395592,0.0],[79.05994723722281,13.612009244119253,0.0],[79.0593143506479,13.612000307023415,0.0],[79.05855180121242,13.612031255309091,0.0],[79.05787767228048,13.611976863294295,0.0],[79.05722663754852,13.611922710001704,0.0],[79.05662123523854,13.611936621194957,0.0],[79.056001983802,13.611954885322788,0.0],[79.05537330201896,13.612009282627833,0.0],[79.0548643264132,13.612109732469522,0.0],[79.05423984696452,13.61221386757273,0.0],[79.05351735773782,13.612448449878098,0.0],[79.05290165460906,13.612624942648297,0.0],[79.05253809614402,13.613065277843692,0.0],[79.05226122106852,13.61365986518114,0.0],[79.05212792258897,13.614201235270867,0.0],[79.05202646602535,13.614806049646301,0.0],[79.05187019368304,13.615342734978446,0.0],[79.0516626899633,13.6159242642373,0.0],[79.05148739854894,13.616515077640178,0.0],[79.05121947704234,13.617154908775168,0.0],[79.05092381959955,13.617781039339167,0.0],[79.05063438296624,13.618190201818283,0.0],[79.05035923167144,13.6185452950755,0.0],[79.04991808278135,13.618854115281435,0.0],[79.0499141303618,13.619400880966879,0.0],[79.04990824781075,13.620214272131172,0.0],[79.049958768199,13.620892404800674,0.0],[79.05055917463044,13.622202609845344,0.0],[79.05096697692929,13.623317126009846,0.0],[79.05199020256579,13.624304867866163,0.0],[79.05220723473397,13.624957065894288,0.0],[79.05233780373224,13.62606967397662,0.0],[79.05221882324692,13.627185090419049,0.0],[79.05257649111364,13.627567128867458,0.0],[79.0534863084294,13.628906507960762,0.0],[79.05311720123723,13.629473392117356,0.0],[79.05220193185761,13.629521269747592,0.0],[79.05264104232434,13.630147991608064,0.0],[79.05305195726119,13.630828692314749,0.0],[79.05376305903174,13.632808399621771,0.0],[79.05380950987305,13.634056028428478,0.0],[79.05372353827629,13.635938109649747,0.0],[79.05367785262602,13.636938230147813,0.0],[79.05343527024736,13.639815283785044,0.0],[79.05393400743522,13.647537348136225,0.0],[79.05460158557553,13.648518088196886,0.0],[79.05559533992445,13.649125970454874,0.0],[79.05985813378142,13.651383297432924,0.0],[79.0637306799338,13.653963166719695,0.0],[79.0658283793816,13.655934343319151,0.0],[79.06632743466757,13.655937757952872,0.0],[79.06798669520197,13.657196444132508,0.0],[79.07135106404921,13.66042805947256,0.0],[79.0720213562359,13.661594574574082,0.0],[79.07514431012143,13.667029229650856,0.0],[79.07657499254357,13.669266985599121,0.0],[79.07672278776552,13.671875545323177,0.0],[79.07568865291337,13.676270185318202,0.0],[79.07536915206347,13.682843510722572,0.0],[79.07468163314164,13.685934553561538,0.0],[79.07565494017423,13.686849482958195,0.0],[79.07638733260275,13.687848707256087,0.0],[79.07699358944855,13.689045940395662,0.0],[79.07852676318392,13.691831204386636,0.0],[79.07856108860592,13.694818609920196,0.0],[79.079332854449,13.696129891461878,0.0],[79.08237146955192,13.698482483394839,0.0],[79.08319038749056,13.700331905915707,0.0],[79.0845126162977,13.702243423014439,0.0],[79.08581958445144,13.705677933712455,0.0],[79.08680385788536,13.708346419078442,0.0],[79.0881632987174,13.712215079004732,0.0],[79.08814754035487,13.71444304644136,0.0],[79.08929591998181,13.717438048644219,0.0],[79.08959892075352,13.721679190786174,0.0],[79.0906401599897,13.72348036693762,0.0],[79.09266041286641,13.724786574745682,0.0],[79.09254680283044,13.725165385434561,0.0],[79.0919428423864,13.728225475813604,0.0],[79.09025687471014,13.731300824754316,0.0],[79.08824186699238,13.733836201494197,0.0],[79.08681309947777,13.735186937351894,0.0],[79.0866975757426,13.735836918042681,0.0],[79.08877213626631,13.737319726403344,0.0],[79.08521424989213,13.737051712413399,0.0],[79.08468687698243,13.737102366651714,0.0],[79.08213254497429,13.738734616291445,0.0],[79.08185783211843,13.739372721868955,0.0],[79.08167661596524,13.739793647673704,0.0],[79.08310197798615,13.742207576417904,0.0],[79.08378697930127,13.743405379177915,0.0],[79.08358569191263,13.744411867160494,0.0],[79.08292020970717,13.748289526054341,0.0],[79.08396287431673,13.751220665305706,0.0],[79.08395077012828,13.752273576004617,0.0],[79.0838360374859,13.753456895186149,0.0],[79.08383733988542,13.7539314853005,0.0],[79.08402624375127,13.754678458427309,0.0],[79.0835934184536,13.755077775906388,0.0],[79.083684146876,13.75532694422313,0.0],[79.0836847551064,13.755891839101976,0.0],[79.08370101013149,13.756854637666194,0.0],[79.0837404172409,13.757826571360917,0.0],[79.08375679272041,13.75877122319017,0.0],[79.08378293762439,13.75965721861024,0.0],[79.08370020304707,13.760244190268848,0.0],[79.08369092538882,13.760899520774936,0.0],[79.0834736024653,13.761548810248819,0.0],[79.08335837096418,13.762149102662695,0.0],[79.08294803882487,13.76263896927644,0.0],[79.08401550138987,13.763378383362689,0.0],[79.0849766609343,13.764117026439651,0.0],[79.08574469662388,13.76470068839705,0.0],[79.08642016801275,13.765297284106362,0.0],[79.08712289614103,13.765957404059481,0.0],[79.08756301571198,13.766493602016979,0.0],[79.08807145013861,13.767174999563606,0.0],[79.08859698949227,13.76805082856142,0.0],[79.089068269679,13.768763485423978,0.0],[79.08915964432352,13.768917816091978,0.0],[79.08919798127775,13.769383585268749,0.0],[79.08898145045397,13.770575219276902,0.0],[79.08876968002926,13.77176244072478,0.0],[79.08859992538619,13.77288666736353,0.0],[79.08846634772847,13.773468805666875,0.0],[79.08836484515056,13.774087271888353,0.0],[79.08837227101145,13.77500023548859,0.0],[79.08837230045712,13.775655652453839,0.0],[79.08844645596581,13.776279770829472,0.0],[79.08841938168275,13.776849064360954,0.0],[79.08843827885052,13.777445787435775,0.0],[79.08851207729785,13.778124185374256,0.0],[79.08850878305013,13.778594243227351,0.0],[79.08863065301853,13.779010813461175,0.0],[79.08869555757563,13.779644046675568,0.0],[79.08868178279846,13.780294756210653,0.0],[79.08873356914276,13.7808193526015,0.0],[79.08873539544744,13.781863366263579,0.0],[79.08871119720692,13.78202586754984,0.0],[79.08842964931088,13.781951656748362,0.0],[79.08790252371246,13.781939066989601,0.0],[79.08758848037711,13.78189178809174,0.0],[79.08645060516922,13.781929335635395,0.0],[79.08596963917,13.781944170479889,0.0],[79.08467922133939,13.781989631853442,0.0],[79.08375373346445,13.782082874741317,0.0],[79.08311138699268,13.782024242613252,0.0],[79.08217724702673,13.78203600286817,0.0],[79.0814746043319,13.78199513281408,0.0],[79.0805918962293,13.78192588197671,0.0],[79.07997243269433,13.78190359942963,0.0],[79.07940892514618,13.781818403772272,0.0],[79.07841063372696,13.781743864003278,0.0],[79.07678908977262,13.781533990050642,0.0],[79.07583240421322,13.781459698013618,0.0],[79.07549912732522,13.781511660423734,0.0],[79.0748848559498,13.7814080599911,0.0],[79.07429370821264,13.78130460636927,0.0],[79.07397560303313,13.781157791068642,0.0],[79.07363892926605,13.781037995800036,0.0],[79.07321883725558,13.78093572596503,0.0],[79.0729230987037,13.780915582119857,0.0],[79.07233638344252,13.780830301425864,0.0],[79.07178608057488,13.780840104356711,0.0],[79.07172596887185,13.780844165726963,0.0],[79.07107850162214,13.780857879447106,0.0],[79.07050012768218,13.780899083205632,0.0],[79.069837847011,13.781043672375615,0.0],[79.06917565719786,13.78118834992604,0.0],[79.06882942494875,13.781095620769761,0.0],[79.06851444292916,13.781174732600942,0.0],[79.06810235577622,13.781248769404945,0.0],[79.0678568928906,13.781305909964741,0.0],[79.0675008870604,13.781298889428866,0.0],[79.06708418661803,13.781368355196582,0.0],[79.06641279840622,13.781499345738611,0.0],[79.06596876022333,13.781518891308513,0.0],[79.06567265212249,13.781539483350246,0.0],[79.06496500715951,13.781566304707189,0.0],[79.06432642365388,13.781625156675274,0.0],[79.06368350316976,13.78165239094729,0.0],[79.06308172363322,13.781734168077817,0.0],[79.06247105771622,13.781770682326862,0.0],[79.06215800788296,13.78157867188519,0.0],[79.06166972444372,13.781317718781898,0.0],[79.06101081913215,13.78099229715394,0.0],[79.06060153264512,13.780682205405457,0.0],[79.06033909865727,13.780531184653636,0.0],[79.06004874510914,13.780389148813152,0.0],[79.0595191453422,13.780087165020674,0.0],[79.05887894717175,13.779730270257323,0.0],[79.05860652064788,13.77968320012846,0.0],[79.05822801466623,13.779585697690855,0.0],[79.05789067910634,13.779551726261323,0.0],[79.05729859370472,13.779588340651934,0.0],[79.05694732945553,13.779567800039663,0.0],[79.05661005487678,13.779524841097977,0.0],[79.05601852734279,13.779480035984564,0.0],[79.05553264366566,13.779521875928976,0.0],[79.05533850141693,13.779516066408783,0.0],[79.05466311881135,13.779552033316001,0.0],[79.05399228538144,13.779601641804799,0.0],[79.05343641295013,13.779733419153168,0.0],[79.05314494986904,13.779754016750193,0.0],[79.05277526824322,13.779724360064636,0.0],[79.0524929677393,13.779749464082215,0.0],[79.05184107789509,13.779744998930472,0.0],[79.05144818128478,13.779715186141535,0.0],[79.05100994066036,13.779581055120365,0.0],[79.0507379535606,13.77945718507277,0.0],[79.05033196744657,13.77933234106471,0.0],[79.04973224635584,13.779142864417546,0.0],[79.04914193727464,13.77892186188133,0.0],[79.04876858280237,13.77875202665999,0.0],[79.0485339008791,13.778592182489852,0.0],[79.04801876081973,13.778218002962259,0.0],[79.04782150648941,13.778004217121657,0.0],[79.04769399470925,13.77773670493185,0.0],[79.04756663948555,13.777433067441425,0.0],[79.04741126928695,13.777178895399722,0.0],[79.04734913710843,13.77683039737047,0.0],[79.04718174469423,13.776314013755234,0.0],[79.04700067308677,13.775774939817778,0.0],[79.0468928927907,13.775340368467972,0.0],[79.04678517507595,13.774896720623804,0.0],[79.04664985071031,13.774430200458667,0.0],[79.04637526696918,13.774026113164052,0.0],[79.04626047098031,13.77392133762446,0.0],[79.04580505788773,13.773601828294558,0.0],[79.04555633446712,13.77345995075408,0.0],[79.04507319185588,13.773135716795716,0.0],[79.04479212445239,13.772998162965235,0.0],[79.04443714291038,13.77286011776699,0.0],[79.04413690884158,13.7728083893338,0.0],[79.04378208443121,13.772647744279693,0.0],[79.04342732590584,13.772464497702046,0.0],[79.04281337010177,13.772324640942237,0.0],[79.04212111029426,13.77214804646706,0.0],[79.04148892939263,13.771971939021626,0.0],[79.04086553476898,13.771854612493778,0.0],[79.04025594370117,13.771755436313157,0.0],[79.0396508091277,13.771669811990405,0.0],[79.03621193613964,13.771239071904109,0.0],[79.03589486647223,13.77121879972397,0.0],[79.03561226410238,13.771289159064185,0.0],[79.03502930623713,13.771339265775788,0.0],[79.0343071464515,13.771456239115768,0.0],[79.03363189121859,13.771478674218866,0.0],[79.03303932983933,13.771573908937636,0.0],[79.03241937984666,13.771628385953344,0.0],[79.03178111440435,13.771646431736238,0.0],[79.03122556986871,13.771732922066146,0.0],[79.03098042669902,13.771744799038077,0.0],[79.03047175685805,13.771754814406432,0.0],[79.03016186183346,13.771770702792494,0.0],[79.02949080537152,13.771842794658594,0.0],[79.02881519762657,13.771914944428167,0.0],[79.02816716313926,13.772014323715535,0.0],[79.02751903485435,13.772113700399636,0.0],[79.02687138045142,13.77215889035768,0.0],[79.02622836999272,13.77220401802254,0.0],[79.02560355194765,13.772276495028581,0.0],[79.02496508600811,13.772335262414755,0.0],[79.02439560397683,13.772435156222812,0.0],[79.02383054147396,13.772553230577197,0.0],[79.02322871061436,13.77265743989658,0.0],[79.023113007698,13.772670179686752,0.0],[79.02301331939951,13.773017497802275,0.0],[79.02298910890025,13.7731710004087,0.0],[79.0229202928628,13.773721931351645,0.0],[79.0228248294961,13.774128003735045,0.0],[79.02280046197437,13.774290491445539,0.0],[79.02258176338283,13.774487875867258,0.0],[79.02251403544959,13.774885061456237,0.0],[79.02226453178987,13.77548441973577,0.0],[79.02207513543044,13.776093173091562,0.0],[79.0218596704302,13.77646230897378,0.0],[79.02177518939239,13.77662892706841,0.0],[79.02160942364284,13.777165592064627,0.0],[79.02147129746376,13.777706983626754,0.0],[79.02145679064073,13.777788211993832,0.0],[79.02130681416763,13.778062851676665,0.0],[79.02115657939527,13.778373615337292,0.0],[79.02102488702732,13.778675519242924,0.0],[79.02099507115487,13.77895097441907,0.0],[79.02077915143799,13.779383283676191,0.0],[79.02055871088163,13.7798111140024,0.0],[79.02035652701717,13.78025713108725,0.0],[79.02015443563339,13.780703149108318,0.0],[79.01998910887222,13.78117655746576,0.0],[79.01982836353604,13.781645458211397,0.0],[79.0196677108964,13.782114360059069,0.0],[79.01954404799862,13.78257897562642,0.0],[79.01937884616041,13.783034232460368,0.0],[79.01920906405034,13.783480472614084,0.0],[79.01902547644818,13.783922081759014,0.0],[79.01886482097467,13.784377462428791,0.0],[79.01883618635819,13.784499258843583,0.0],[79.01889872848007,13.784793500396248,0.0],[79.0189326352487,13.785209540670998,0.0],[79.01891593934012,13.78559809844111,0.0],[79.0189293578439,13.785656916438596,0.0],[79.01900000057891,13.78610488480167,0.0],[79.01902929383255,13.786529972039355,0.0],[79.01905846271943,13.786959506584754,0.0],[79.0190829875568,13.787389009154461,0.0],[79.019102963012,13.787818482210469,0.0],[79.01915986659314,13.788252836251585,0.0],[79.01921334656902,13.788528866444944,0.0],[79.01921574480555,13.788818163677695,0.0],[79.01919850234057,13.789283511203744,0.0],[79.01919493953517,13.78975803021772,0.0],[79.01917757011387,13.79022800737052,0.0],[79.01916029501122,13.790697895948345,0.0],[79.01923542354288,13.791168503718419,0.0],[79.01927356312636,13.791629692764209,0.0],[79.0193211144449,13.79208649874686,0.0],[79.01939166543718,13.792548000247853,0.0],[79.01945757340341,13.793009470752924,0.0],[79.01950048229455,13.79346624693481,0.0],[79.01954329859971,13.79392302308227,0.0],[79.01960949318787,13.79435744695358,0.0],[79.0197033330656,13.794796507976606,0.0],[79.01979733010263,13.795226492638424,0.0],[79.01981257246278,13.795655943232468,0.0],[79.01988815191321,13.796076818317513,0.0],[79.01998673372862,13.796502387868827,0.0],[79.02010840884522,13.796932564425717,0.0],[79.02021615408654,13.79736273479095,0.0],[79.02029622348893,13.797792628578875,0.0],[79.02038093706622,13.798222554417176,0.0],[79.02048877611341,13.798652726824834,0.0],[79.02054287357613,13.798842898632289,0.0],[79.02056330765294,13.799195595544196,0.0],[79.02061496765248,13.79971570762803,0.0],[79.02068507693913,13.800240483477907,0.0],[79.02080140727253,13.80077011262927,0.0],[79.02091773849438,13.801299743413836,0.0],[79.02111725676585,13.801834386700346,0.0],[79.02118836138231,13.802232635116592,0.0],[79.02119249420802,13.802291483472406,0.0],[79.0212542477462,13.802698656248733,0.0],[79.02133173090769,13.80285286140935,0.0],[79.02166994878144,13.802769373636695,0.0],[79.0221417689594,13.802759138606335,0.0],[79.02247938057793,13.802747992089405,0.0],[79.02281256909451,13.80271866036634,0.0],[79.02337740744555,13.802636795307787,0.0],[79.02401626942387,13.802541812483843,0.0],[79.02464074920192,13.802523615347223,0.0],[79.0250296371284,13.8024721429632,0.0],[79.02526609147972,13.802383421832209,0.0],[79.02560357127233,13.802403855810224,0.0],[79.02589031387657,13.802401344842142,0.0],[79.02621901714195,13.802349462600327,0.0],[79.02652484633651,13.802274733060234,0.0],[79.02683538616309,13.802177522320351,0.0],[79.02721046847178,13.802107888204974,0.0],[79.02744634636178,13.802100491410705,0.0],[79.0278111170239,13.802188911905635,0.0],[79.02807966473878,13.802145607122112,0.0],[79.02844901888517,13.802229518310536,0.0],[79.02874896380452,13.802317499575121,0.0],[79.02919151686758,13.802505926824175,0.0],[79.0293761804014,13.802543388292563,0.0],[79.02995357862434,13.802642310261545,0.0],[79.03023087510392,13.802662420126502,0.0],[79.03065586829784,13.802733174072,0.0],[79.03091449224969,13.802780207175065,0.0],[79.03153353641864,13.802861340053852,0.0],[79.03182425704793,13.80295379170339,0.0],[79.03224407244511,13.803087775390237,0.0],[79.03250203019205,13.803229659128505,0.0],[79.03306041414749,13.80339180118562,0.0],[79.03333281211961,13.80346152471872,0.0],[79.03368318634935,13.803604026129616,0.0],[79.0340479360964,13.803683443665047,0.0],[79.03433051026776,13.803626695939911,0.0],[79.03464992619,13.803574642217301,0.0],[79.0352479332606,13.803384478747356,0.0],[79.03550311630642,13.803273263658838,0.0],[79.03614718631272,13.803097019729409,0.0],[79.03645279010325,13.803053946981418,0.0],[79.03705771508884,13.803175719445209,0.0],[79.03731160366061,13.803236233640513,0.0],[79.03791615344046,13.803412191105599,0.0],[79.03821597895832,13.803518215814059,0.0],[79.03857090718743,13.80367435066222,0.0],[79.0391513867939,13.803985758438488,0.0],[79.03978261046662,13.804306486795143,0.0],[79.04035842197854,13.804608780083063,0.0],[79.04057073630466,13.804664565979008,0.0],[79.04080190939075,13.804679718323587,0.0],[79.04104660744751,13.804740166844816,0.0],[79.04112496162315,13.804772367660034,0.0],[79.0413548789373,13.804954715831377,0.0],[79.04140094423332,13.80498216317112,0.0],[79.04172384246439,13.80508388658009,0.0],[79.0420468021788,13.80519005756591,0.0],[79.04236530541286,13.805282673112888,0.0],[79.04217401488337,13.805502800821666,0.0],[79.04191836222444,13.805681833552372,0.0],[79.04189046489724,13.805699711957946,0.0],[79.04167124371543,13.805955781284682,0.0],[79.04145669633938,13.806207341991554,0.0],[79.0412975657223,13.806463901430266,0.0],[79.0411339466421,13.806711352813576,0.0],[79.04108539870484,13.807027377219034,0.0],[79.041009204378,13.807325154113393,0.0],[79.04091455729872,13.807618269802822,0.0],[79.04083848677081,13.807911509275193,0.0],[79.0407024501684,13.808172670900852,0.0],[79.04065882715564,13.808448061801244,0.0],[79.0406428507811,13.80872817647662,0.0],[79.04065976113915,13.808954317379484,0.0],[79.04063496769537,13.80918009014732,0.0],[79.04061481822066,13.809405894871515,0.0],[79.04058082873568,13.809631698414636,0.0],[79.04056516705981,13.809866608879172,0.0],[79.04054495412566,13.810101490122626,0.0],[79.0404786421361,13.810326988217941,0.0],[79.04041688022033,13.8105525158097,0.0],[79.04055379362046,13.810792981966209,0.0],[79.04056599672487,13.811028170345285,0.0],[79.04063365035988,13.811263637108443,0.0],[79.04075688281338,13.811481408786792,0.0],[79.04087556347648,13.811699150214135,0.0],[79.04099427548742,13.811912444843829,0.0],[79.04111750909198,13.812130216626185,0.0],[79.04123619025253,13.812348048939276,0.0],[79.04135484081498,13.812570329955411,0.0],[79.04153823243522,13.812793041431048,0.0],[79.04165214648191,13.813028816445186,0.0],[79.04182157413334,13.81325597195725,0.0],[79.04199564682925,13.8134832499654,0.0],[79.04208674767044,13.81367366665285,0.0],[79.04209587882835,13.813696330295834,0.0],[79.04210662694688,13.813807148131584,0.0],[79.04211737508277,13.813917966002421,0.0],[79.04202812475773,13.814102646754776,0.0],[79.0420000068757,13.814152114814638,0.0],[79.04173021511721,13.814371726072558,0.0],[79.04139584025512,13.814554687349037,0.0],[79.04110307491896,13.814751541904402,0.0],[79.04074563320965,13.814925270934783,0.0],[79.04038831447612,13.815094552905833,0.0],[79.04003096322676,13.815268371727708,0.0],[79.0396644482361,13.81542397544057,0.0],[79.03928425116409,13.815556881302252,0.0],[79.0389042412403,13.815662737263075,0.0],[79.03853794545059,13.815786748053293,0.0],[79.03838871801636,13.815952873398942,0.0],[79.03835152831176,13.81598430603674,0.0],[79.03832328192442,13.816051927932579,0.0],[79.03821494102755,13.816322354896823,0.0],[79.03803282262989,13.816556070217572,0.0],[79.03798928611437,13.816817942983237,0.0],[79.03790416871972,13.817074908897114,0.0],[79.0378421791037,13.817332120077467,0.0],[79.03777554399508,13.817589300421709,0.0],[79.03769045681788,13.81784181805747,0.0],[79.03758694733348,13.818085136147486,0.0],[79.03745108425912,13.818319160717556,0.0],[79.03723224447651,13.818516502281597,0.0],[79.03716241431493,13.818579307949227,0.0],[79.03675879264105,13.818752721634604,0.0],[79.03654162413211,13.818724129341225,0.0],[79.0364217112114,13.818682569389527,0.0],[79.03616697501755,13.818725984333076,0.0],[79.03606523060934,13.81872984294113,0.0],[79.03586768656339,13.818538617970969,0.0],[79.03576208661381,13.818442958850662,0.0],[79.03554571043063,13.81830135302377,0.0],[79.03536137165602,13.818214155594282,0.0],[79.03506227469987,13.81799964612301,0.0],[79.03481408154308,13.817785477853178,0.0],[79.03455659698734,13.817584862567937,0.0],[79.03428037891227,13.817406634813496,0.0],[79.03399957734797,13.817232914705995,0.0],[79.03374585519042,13.817145341343053,0.0],[79.03364414641412,13.817131043266691,0.0],[79.03336252343219,13.817074781486484,0.0],[79.03302955428835,13.817068011688123,0.0],[79.03268777143803,13.81700680630096,0.0],[79.03239629043162,13.817018377798636,0.0],[79.0320635448242,13.816979834790864,0.0],[79.03174428861844,13.817004744106017,0.0],[79.0314338458869,13.81708390606725,0.0],[79.03110030697717,13.817158372463052,0.0],[79.03075760529421,13.81721471299489,0.0],[79.03040119047104,13.817252895170258,0.0],[79.03005428662192,13.81725955040835,0.0],[79.02970296167136,13.817234494236061,0.0],[79.02935160393015,13.817213974879436,0.0],[79.02905064031604,13.817266053561656,0.0],[79.02872244424303,13.817241149850958,0.0],[79.0284260622287,13.81728880916849,0.0],[79.02808854294027,13.817281907425636,0.0],[79.02779674242144,13.817338582260582,0.0],[79.02748658390972,13.817377069161411,0.0],[79.02717639408563,13.81742009399179,0.0],[79.02687084745786,13.817463150409207,0.0],[79.02660201500494,13.817542582038685,0.0],[79.02648608277194,13.817582467871977,0.0],[79.02619389703167,13.817693421947775,0.0],[79.02590171081407,13.817804376375125,0.0],[79.0256141369889,13.81791980945484,0.0],[79.02534011524313,13.818076092144956,0.0],[79.02529805687577,13.818125553193148,0.0],[79.024977519837,13.81831765069022,0.0],[79.02465701406123,13.818505208074521,0.0],[79.0243641214845,13.818715555947856,0.0],[79.02411707268836,13.818971420352685,0.0],[79.02387476025234,13.81922731569052,0.0],[79.02364613087151,13.81949238204887,0.0],[79.02341762476173,13.819752910256161,0.0],[79.02319366931594,13.820013468228373,0.0],[79.02302510174661,13.820297005726013,0.0],[79.02297657029385,13.820604050066958,0.0],[79.02285413414775,13.820892439314733,0.0],[79.0227502440089,13.821185492358117,0.0],[79.02264628963609,13.82148753208195,0.0],[79.02260240138942,13.82179460884646,0.0],[79.02254458014883,13.822101500638247,0.0],[79.02242226781063,13.82238535276325,0.0],[79.02234608528124,13.822687672415412,0.0],[79.02223754819597,13.822980695128916,0.0],[79.02212436519308,13.82327368741149,0.0],[79.02200653811369,13.823566647449308,0.0],[79.02190725709481,13.823864181570904,0.0],[79.0218171380299,13.824166408623203,0.0],[79.02163462793918,13.824449852479564,0.0],[79.02143369622198,13.824724094421924,0.0],[79.02117756335858,13.82496183188898,0.0],[79.02089855743408,13.825163283141931,0.0],[79.020537084283,13.82526921980906,0.0],[79.020203840425,13.825298457422285,0.0],[79.01987062808968,13.825323246352466,0.0],[79.01953738488834,13.825352482436244,0.0],[79.01920468264653,13.825318539816797,0.0],[79.01888104905537,13.825302722998776,0.0],[79.01856641993054,13.825314017736478,0.0],[79.01825669202202,13.82528921635473,0.0],[79.017951221622,13.825318728656203,0.0],[79.01764629967872,13.825271354023911,0.0],[79.01728998565197,13.825304966627893,0.0],[79.01697554859513,13.825289208213704,0.0],[79.01668379070816,13.825336876183508,0.0],[79.01637832144279,13.825366294389239,0.0],[79.01605907446171,13.825386630884523,0.0],[79.01576728267639,13.825438835696625,0.0],[79.01548445846221,13.8255363087277,0.0],[79.01517857131759,13.825610930044062,0.0],[79.01483593498051,13.825667233844515,0.0],[79.01453917489464,13.82576461077903,0.0],[79.01425612203664,13.825893671713168,0.0],[79.01397294325726,13.826027269294185,0.0],[79.0137218285728,13.826210742424685,0.0],[79.01370516007371,13.826232269981425,0.0],[79.01370292225816,13.826269347654616,0.0],[79.01369646556302,13.826522395720177,0.0],[79.01382098526518,13.827192200479615,0.0],[79.01391086288005,13.82753641546092,0.0],[79.01466514359201,13.828115749389877,0.0],[79.01525122617807,13.828287057280189,0.0],[79.01583705098109,13.82913194845995,0.0],[79.01578869598815,13.829411765837497,0.0],[79.01565255959427,13.830301208932227,0.0],[79.01560868632014,13.830603752701272,0.0],[79.01536137211232,13.831528480033489,0.0],[79.01534011600248,13.831889913871363,0.0],[79.0151622880267,13.832801638013677,0.0],[79.01508579704823,13.83313105895053,0.0],[79.01484318944374,13.834033220058789,0.0],[79.01479008197796,13.834340242822117,0.0],[79.01437635043241,13.835241237880703,0.0],[79.01413873671939,13.835470017937139,0.0],[79.01361081967812,13.836175869801362,0.0],[79.01338675079468,13.836459029950522,0.0],[79.01251619674314,13.83720311512988,0.0],[79.01238059077559,13.837405539356226,0.0],[79.01225855519742,13.838267953024756,0.0],[79.01221964039269,13.8385253266181,0.0],[79.01222226825573,13.839415740843712,0.0],[79.01228446493327,13.839759688646138,0.0],[79.01233826437168,13.840614232651758,0.0],[79.01237333179307,13.84086757567152,0.0],[79.0124078379187,13.841821489744492,0.0],[79.01241479961008,13.84213346919607,0.0],[79.01231437479672,13.843194858285582,0.0],[79.01210868265687,13.843491674872523,0.0],[79.01108272640735,13.843990586223542,0.0],[79.0106746754627,13.844118789917623,0.0],[79.01158761985306,13.844518505435625,0.0],[79.01186477190832,13.844570152429785,0.0],[79.01282203115451,13.844595042957343,0.0],[79.01312696170069,13.844646969400399,0.0],[79.01415223258047,13.844866684600222,0.0],[79.01447581479124,13.844896038994067,0.0],[79.01540123082994,13.844852879585577,0.0],[79.01575275281263,13.844859907618977,0.0],[79.01661751385546,13.84487960236695,0.0],[79.01696932636831,13.844845958474032,0.0],[79.01776651658199,13.844634595115547,0.0],[79.01816834199045,13.844714314203381,0.0],[79.01899893729463,13.844991317083343,0.0],[79.01929284755329,13.845273656463947,0.0],[79.01987102233788,13.845901454829564,0.0],[79.02011434140113,13.846151765858346,0.0],[79.02082232607728,13.846739771978834,0.0],[79.02109820442126,13.84695870933158,0.0],[79.02179232115745,13.847551157067013,0.0],[79.02213318003041,13.847752467711503,0.0],[79.02292529247897,13.848219020808767,0.0],[79.02322453215642,13.848420047220268,0.0],[79.02406311195732,13.848859855939555,0.0],[79.02435309671912,13.849056187717892,0.0],[79.02517424701543,13.849360329703664,0.0],[79.02512259734,13.849463929695792,0.0],[79.02468869335965,13.84996249595719,0.0],[79.02440002678036,13.850222642232648,0.0],[79.02389244971754,13.850680037137804,0.0],[79.02358945936591,13.850994284903063,0.0],[79.02348660515622,13.851138210652893,0.0],[79.02350166871427,13.851608401231188,0.0],[79.02342178902676,13.851775088277591,0.0],[79.02311917949498,13.852035048186112,0.0],[79.02298386314727,13.85219682127228,0.0],[79.02285627299796,13.852553018961553,0.0],[79.02283182409504,13.852738148055424,0.0],[79.02294429898157,13.853163788879666,0.0],[79.02318084664361,13.8537032997119,0.0],[79.02321641574979,13.853902452995356,0.0],[79.02292844338723,13.854063101974505,0.0],[79.02222820145722,13.85430221156853,0.0],[79.02194955275985,13.854444855628016,0.0],[79.02172092183567,13.854714485810002,0.0],[79.0214690585385,13.854997395430109,0.0],[79.02123094221815,13.855294014256614,0.0],[79.02117832717201,13.855519717262242,0.0],[79.02090396828285,13.85571204899442,0.0],[79.02108651695086,13.856056916101636,0.0],[79.02151045473666,13.85690057168765,0.0],[79.02176671032406,13.85728198242199,0.0],[79.02223583587688,13.85765139840987,0.0],[79.02267295402554,13.857961855454166,0.0],[79.02330006187357,13.858237465235655,0.0],[79.02422902911186,13.858347974015366,0.0],[79.02457135892249,13.858345839699998,0.0],[79.02584160338203,13.85860336058564,0.0],[79.0270905646877,13.858612149413428,0.0],[79.02804299238365,13.858677579179552,0.0],[79.02838525980869,13.858684514077048,0.0],[79.02871307867649,13.858763708954102,0.0],[79.02936356139571,13.859007765671116,0.0],[79.03018430830357,13.859366086450375,0.0],[79.0307749972502,13.859564611999055,0.0],[79.03139773773216,13.859803934229124,0.0],[79.03166194034075,13.859733530982824,0.0],[79.0334482092044,13.85900930785009,0.0],[79.03402844665948,13.858737651995913,0.0],[79.0350389716102,13.858455435801229,0.0],[79.035925248286,13.858081957630345,0.0],[79.03619892670801,13.857984464580614,0.0],[79.0367965721409,13.857852999553224,0.0],[79.03713058566102,13.857724313145221,0.0],[79.03773303048739,13.85758388942937,0.0],[79.03835731993587,13.857601759191027,0.0],[79.03893931975452,13.85772783624762,0.0],[79.04025089637776,13.858017280413959,0.0],[79.04110990236607,13.858208560477978,0.0],[79.0421259949582,13.858432562761617,0.0],[79.04243548905919,13.858488907901682,0.0],[79.0427401174607,13.858590522723881,0.0],[79.0430405698567,13.85862420063429,0.0],[79.04335938711525,13.858676157131294,0.0],[79.04372896667908,13.858737527350932,0.0],[79.04399256514444,13.858752892293705,0.0],[79.04434883380797,13.858737276183279,0.0],[79.04463531758527,13.858789015586819,0.0],[79.04500521135745,13.858805081963174,0.0],[79.04530080117956,13.858870407609094,0.0],[79.04556227156105,13.859179634808841,0.0],[79.04575932679505,13.859425067087832,0.0],[79.04590543214536,13.85970175518661,0.0],[79.04610672749354,13.860005954732127,0.0],[79.04620251058316,13.860196425333749,0.0],[79.04639414059857,13.860554852720792,0.0],[79.04673319306424,13.861013666216365,0.0],[79.04690246972181,13.861272531796857,0.0],[79.04711770774188,13.861563296085077,0.0],[79.04730990429485,13.861853908067738,0.0],[79.04744672273631,13.862130535163297,0.0],[79.04763433773623,13.862412038133662,0.0],[79.04782697332158,13.862639372945559,0.0],[79.04799167094968,13.862889130318019,0.0],[79.04817002557533,13.863179649957813,0.0],[79.04834432941182,13.863384167453665,0.0],[79.04856886556425,13.863674991769905,0.0],[79.04828598509552,13.86377253998089,0.0],[79.04802209589552,13.863797764044024,0.0],[79.04769344127567,13.86382265072668,0.0],[79.04735206663445,13.863698195917072,0.0],[79.04706660283085,13.863510919458575,0.0],[79.04691587592046,13.863243186992008,0.0],[79.046719000961,13.862957081791798,0.0],[79.04649409384936,13.86272054389282,0.0],[79.04629697111253,13.862470571377754,0.0],[79.04602563599765,13.86225624138422,0.0],[79.04574937573501,13.862069024863883,0.0],[79.04540885174804,13.861822642868102,0.0],[79.04510383858391,13.861788848640897,0.0],[79.0447569807018,13.861772844242306,0.0],[79.04455189441332,13.861988380123329,0.0],[79.04464683183623,13.86228733959699,0.0],[79.04474198796963,13.86255470743296,0.0],[79.04474839809335,13.862957034013329,0.0],[79.04447411970273,13.863140427138488,0.0],[79.04426438505612,13.863355932681639,0.0],[79.04402165812975,13.863652476578535,0.0],[79.04384884118976,13.863877305407186,0.0],[79.04352272981768,13.864191452775813,0.0],[79.04309829504484,13.864667552103702,0.0],[79.04272898416642,13.8651938597341,0.0],[79.04242905011863,13.865725076591222,0.0],[79.04199273889408,13.866558171499003,0.0],[79.04165129662043,13.86707104609102,0.0],[79.04132372664225,13.867593090893184,0.0],[79.04095933023198,13.868078666799697,0.0],[79.04057574738921,13.868663620140127,0.0],[79.04023413700048,13.869199100086535,0.0],[79.03990184922442,13.869716574969882,0.0],[79.03957442467234,13.870215923374705,0.0],[79.03922850608392,13.870701713448096,0.0],[79.03894220344623,13.871260167892375,0.0],[79.03855405211898,13.871831472368484,0.0],[79.0380928445899,13.872271188004614,0.0],[79.03772342970218,13.87282001006978,0.0],[79.03742349083477,13.873346778818988,0.0],[79.03731968968049,13.873612650452426,0.0],[79.03728084348747,13.873865518804948,0.0],[79.0373819010365,13.873965700255926,0.0],[79.03718573277762,13.874217428734923,0.0],[79.03685111010637,13.874427467312373,0.0],[79.03595666778088,13.874651743331153,0.0],[79.03540895733367,13.874901029565677,0.0],[79.0352411380583,13.875071595869416,0.0],[79.03503004279808,13.87546340419416,0.0],[79.03479716788158,13.875674210391947,0.0],[79.03422248837742,13.875819264488578,0.0],[79.0338751197678,13.875871142976358,0.0],[79.03323680979557,13.875853067724028,0.0],[79.03261686557155,13.875853271135801,0.0],[79.03199669538871,13.875898685420136,0.0],[79.03170018976823,13.875946268817252,0.0],[79.03135278858275,13.876002589821592,0.0],[79.03100204136751,13.875887198996812,0.0],[79.03073986991716,13.875690960982029,0.0],[79.03057910479603,13.875531630972745,0.0],[79.03027018228435,13.875389372142891,0.0],[79.03009964858424,13.875297797149962,0.0],[79.029941688082,13.875387073878548,0.0],[79.02959642155875,13.875786870598976,0.0],[79.02937467881563,13.876368447832224,0.0],[79.02924157504086,13.876860101231493,0.0],[79.02904853898535,13.87731076866563,0.0],[79.02883614890351,13.877883239740692,0.0],[79.02863285761258,13.878483011305686,0.0],[79.02837956598512,13.878951250993723,0.0],[79.02803798220789,13.87884036165742,0.0],[79.027300260582,13.878500729431725,0.0],[79.02674253102529,13.878230128452103,0.0],[79.02593881975042,13.878681031756688,0.0],[79.02566034729539,13.87880562600791,0.0],[79.02512724756089,13.878941937809103,0.0],[79.02456330877622,13.87887920305139,0.0],[79.02391985812176,13.878928965258359,0.0],[79.02332781368787,13.87891124999787,0.0],[79.02271653933543,13.878997269301491,0.0],[79.02183188612717,13.879131188059674,0.0],[79.0214893761469,13.879151382809061,0.0],[79.02111478375984,13.879135132828006,0.0],[79.02082826345779,13.879096963381642,0.0],[79.02072185355331,13.879724529971707,0.0],[79.02069041141675,13.880212421942495,0.0],[79.0207578089195,13.880484079166893,0.0],[79.02082738371986,13.881090234887447,0.0],[79.02080907794232,13.881691256227288,0.0],[79.02081144620131,13.881998609602798,0.0],[79.02070657775435,13.88240919424126,0.0],[79.02060122279269,13.882901127738789,0.0],[79.02050090237752,13.8833252733311,0.0],[79.02040458593366,13.88383978620156,0.0],[79.02030801428232,13.88437699738955,0.0],[79.02025448397362,13.88474271704494,0.0],[79.02021528545734,13.885027183077424,0.0],[79.02037973091379,13.885322202047188,0.0],[79.02080670841674,13.885763638811587,0.0],[79.02106897846859,13.88595981045246,0.0],[79.02168230300425,13.886230814625225,0.0],[79.02228245749052,13.886406757187652,0.0],[79.02262873649723,13.886499625337885,0.0],[79.02377843947832,13.886819559604755,0.0],[79.02414324738592,13.886908009917601,0.0],[79.02441113181268,13.88696865617648,0.0],[79.02464661129459,13.887038163145872,0.0],[79.0245450874861,13.887620473462126,0.0],[79.02459454573447,13.88781520013456,0.0],[79.02435307443908,13.887935506713069,0.0],[79.0240562797668,13.88803292057278,0.0],[79.02383010106853,13.888591781475435,0.0],[79.02361080992908,13.888834265552475,0.0],[79.02336395162324,13.889058496411012,0.0],[79.02324629201729,13.889333445822626,0.0],[79.02297148414821,13.889580094120069,0.0],[79.02267019842736,13.889654776415096,0.0],[79.02237368839918,13.88971142223881,0.0],[79.02265385276193,13.889993698436536,0.0],[79.02301136432972,13.890443651557435,0.0],[79.02328281274977,13.890657952205975,0.0],[79.02334108728272,13.890906947427322,0.0],[79.02327018865185,13.891114389839105,0.0],[79.02305419677289,13.891533224075308,0.0],[79.02290387430108,13.891839552653368,0.0],[79.02265059837755,13.892312340586905,0.0],[79.02243180937802,13.89249608400574,0.0],[79.0218831394728,13.892853827968374,0.0],[79.02129802045943,13.893148038041243,0.0],[79.02069511047775,13.893342611754134,0.0],[79.02032884538205,13.893443997745907,0.0],[79.02009613910191,13.8936367233371,0.0],[79.01975595887816,13.893964278853224,0.0],[79.01887440536069,13.894301501824755,0.0],[79.01828934207025,13.894573093075158,0.0],[79.0174585170493,13.894937892289995,0.0],[79.01714866140615,13.894922072566109,0.0],[79.01593051470589,13.895094276851632,0.0],[79.01533288185027,13.895198521810554,0.0],[79.01437910767797,13.895286713232172,0.0],[79.01351335114583,13.895361880941943,0.0],[79.01281446441493,13.895393148796272,0.0],[79.01249970142096,13.895413513351604,0.0],[79.01128300033594,13.895395830862654,0.0],[79.01076866964404,13.895496088245048,0.0],[79.01042572760801,13.895570461554748,0.0],[79.01014320531819,13.895618190420933,0.0],[79.00990118716965,13.895810836986845,0.0],[79.00976513402632,13.896053968432248,0.0],[79.00964965643962,13.89665425582429,0.0],[79.00955696541291,13.897290929642656,0.0],[79.00949443191266,13.897611381238201,0.0],[79.009312029619,13.898495955939529,0.0],[79.00911580962354,13.899375988668432,0.0],[79.00892414100967,13.900255964772823,0.0],[79.00887122390174,13.900531356498957,0.0],[79.00900410491244,13.9007040604438,0.0],[79.00941679033797,13.901208648761045,0.0],[79.00952185003996,13.901385701386323,0.0],[79.00923853955926,13.901528309076253,0.0],[79.00896445743483,13.901680060426155,0.0],[79.00824219670362,13.901118953585401,0.0],[79.0080262342515,13.900918529590559,0.0],[79.00676319959102,13.900900491246366,0.0],[79.00639748576448,13.900934020939436,0.0],[79.00604991281202,13.901003903201504,0.0],[79.00578096528818,13.901087857409358,0.0],[79.00532384446646,13.901577291622045,0.0],[79.00499677210453,13.901999795894232,0.0],[79.00466917628421,13.902494662801079,0.0],[79.00419558724045,13.903332017094842,0.0],[79.00372660839896,13.904173853805599,0.0],[79.00328531590105,13.905029501390414,0.0],[79.00282081335224,13.905880450245672,0.0],[79.00238877216171,13.90674061343893,0.0],[79.00202131903248,13.907614842604616,0.0],[79.0017492540479,13.90810110609245,0.0],[79.00154763038518,13.90846128106234,0.0],[79.00144412058071,13.908686478065242,0.0],[79.00133137590973,13.908916241106667,0.0],[79.00132564595776,13.909166980994979,0.0],[79.00170061324827,13.909040922728922,0.0],[79.0021829227233,13.908890622490423,0.0],[79.0027670755436,13.908732126478334,0.0],[79.00296270240914,13.908570762240076,0.0],[79.0033579294607,13.908302450826715,0.0],[79.00394364210501,13.907940476425328,0.0],[79.00439516220636,13.907586653791691,0.0],[79.00462761987939,13.90743462207313,0.0],[79.00515116925341,13.90733889647939,0.0],[79.00556337966559,13.907292159712041,0.0],[79.00636193160051,13.906931732915522,0.0],[79.00730913093344,13.906490967894381,0.0],[79.00821998168541,13.90595960092169,0.0],[79.00912624441109,13.905419117608519,0.0],[79.01003714570813,13.904878752131568,0.0],[79.01098034849217,13.904356582415229,0.0],[79.01113521047753,13.904266096143916,0.0],[79.01190508582927,13.903816210068955,0.0],[79.01281154093573,13.90325772940308,0.0],[79.01371792891763,13.902694613713205,0.0],[79.0146750491553,13.902158988625516,0.0],[79.0156276386133,13.901618878026989,0.0],[79.01656640891588,13.901060507266452,0.0],[79.01751424420985,13.900520353608428,0.0],[79.01844389457072,13.899948381498891,0.0],[79.01937350643063,13.899380854128879,0.0],[79.0203397812388,13.898845349930236,0.0],[79.02130617533088,13.89830520937231,0.0],[79.02227717597275,13.897769726030848,0.0],[79.02322974114632,13.897211412901624,0.0],[79.02365242674408,13.896992907124908,0.0],[79.02412184224572,13.896711521757966,0.0],[79.02415940913383,13.896630420959667,0.0],[79.02403538168488,13.89588821996999,0.0],[79.02391203049996,13.895037612141927,0.0],[79.02389939626377,13.894879358202486,0.0],[79.02387769591869,13.894675825437004,0.0],[79.0238377532268,13.894449561018174,0.0],[79.02382104982152,13.894209834585585,0.0],[79.0237767167451,13.893947403828653,0.0],[79.02375062218685,13.893721233595262,0.0],[79.02371988175327,13.893495032055652,0.0],[79.02372167168744,13.893255522252538,0.0],[79.02369589807101,13.89298413731707,0.0],[79.02366041506026,13.892771433643334,0.0],[79.02363903217828,13.892536216465375,0.0],[79.02360380204144,13.89230099649316,0.0],[79.02358658965345,13.892120012930153,0.0],[79.02359293067174,13.891894063452318,0.0],[79.02399127617784,13.891829114253634,0.0],[79.02452394987444,13.891747003345438,0.0],[79.025056687239,13.891655812268013,0.0],[79.02558022602304,13.891551027648479,0.0],[79.02609462754424,13.891437099905623,0.0],[79.02658607840392,13.891295958397713,0.0],[79.0270868234513,13.891154787182751,0.0],[79.02757374862729,13.891009072135109,0.0],[79.02806981118934,13.890872496632474,0.0],[79.0285659054467,13.89073128913324,0.0],[79.02904356942425,13.890567437761062,0.0],[79.0295904632901,13.890444727931849,0.0],[79.03015566119943,13.890335667664587,0.0],[79.03071633569557,13.89022212585514,0.0],[79.03128617723311,13.890126620934922,0.0],[79.03182851701912,13.889976815250417,0.0],[79.03236178144584,13.889822315249718,0.0],[79.03289030311173,13.889667782458561,0.0],[79.03340971894482,13.889499657410546,0.0],[79.03393836328392,13.889340672806812,0.0],[79.03445312891978,13.889172513935375,0.0],[79.03499097135217,13.88901358631297,0.0],[79.03554250296997,13.88887726634514,0.0],[79.03609415666149,13.888736495290859,0.0],[79.03664106955577,13.888595691431831,0.0],[79.03717887544714,13.8884412963484,0.0],[79.0377259107359,13.888295948685188,0.0],[79.03827297658137,13.888146060394735,0.0],[79.03881530095887,13.88799622929617,0.0],[79.03936236443306,13.887846336095585,0.0],[79.03948299882187,13.887806462710191,0.0],[79.03990019600856,13.88768739168361,0.0],[79.04036339044781,13.887622829889041,0.0],[79.0408955048498,13.88760384893643,0.0],[79.04142322023564,13.887575939831198,0.0],[79.04194170800109,13.887525268878703,0.0],[79.04246019264913,13.887488215221289,0.0],[79.04292360574526,13.887378430165512,0.0],[79.04336867876428,13.887259534270445,0.0],[79.04383205883117,13.887154285877747,0.0],[79.0442816847208,13.887035325735368,0.0],[79.04474506237835,13.886943603731629,0.0],[79.04519927047546,13.886833751497917,0.0],[79.04565796956784,13.88673300610933,0.0],[79.04612143903861,13.886627752044255,0.0],[79.0465756450012,13.88651789466839,0.0],[79.04702988196861,13.886403587192726,0.0],[79.04751149997752,13.886334584762922,0.0],[79.04799763919479,13.886283678617493,0.0],[79.04847476471687,13.886205654729022,0.0],[79.04894724212758,13.886127597723222,0.0],[79.04942436719735,13.886049479938514,0.0],[79.04990146084079,13.88596237087216,0.0],[79.05038319949102,13.885888910848475,0.0],[79.05086484469433,13.885815448619686,0.0],[79.05133738291325,13.885728304893078,0.0],[79.05180995179886,13.88563662105666,0.0],[79.05227338069423,13.885535886132015,0.0],[79.05277348660941,13.885466987832723,0.0],[79.0532737155548,13.885393639724368,0.0],[79.05377397610289,13.885315750415023,0.0],[79.05426968117773,13.885224210445164,0.0],[79.05474249454036,13.885096381016867,0.0],[79.05521069094462,13.884964071859596,0.0],[79.05569270200866,13.884849828850463,0.0],[79.05614708091682,13.884712886600358,0.0],[79.05662915191971,13.884589653284854,0.0],[79.05709737743477,13.884452707936436,0.0],[79.05756101387085,13.88432036161134,0.0],[79.05803849870925,13.884188014418939,0.0],[79.05851598109155,13.88405575466398,0.0],[79.0590117718899,13.883950670204408,0.0],[79.05954417924458,13.883900027455988,0.0],[79.06000738031275,13.883817335574708,0.0],[79.06053960088774,13.883793925983456,0.0],[79.0610675140996,13.883720730695366,0.0],[79.06160019626641,13.883643024856351,0.0],[79.06212820019154,13.883556208220769,0.0],[79.06265620283854,13.883469479555323,0.0],[79.06318891496102,13.883387228446715,0.0],[79.06371697804757,13.883291417014036,0.0],[79.0642405176328,13.883191035573972,0.0],[79.06476393268616,13.88309519021265,0.0],[79.0652828559781,13.88299023455176,0.0],[79.06580174673407,13.882889817415732,0.0],[79.06632066692141,13.882784947958287,0.0],[79.06683047849842,13.882666399676117,0.0],[79.06735392144051,13.882566005612405,0.0],[79.06788203973188,13.882474720113073,0.0],[79.0684009573777,13.882369753415412,0.0],[79.06893362967786,13.882278492636305,0.0],[79.06946630034236,13.882187229907856,0.0],[79.06998518502523,13.882086797045751,0.0],[79.07052696489322,13.882022737189166,0.0],[79.07103655516143,13.881922240698202,0.0],[79.07125410498512,13.881910112831845,0.0],[79.0716618736435,13.881818038597752,0.0],[79.07213881849042,13.881762453077508,0.0],[79.07260649931264,13.881702447455234,0.0],[79.07304676077395,13.881601408243897,0.0],[79.07351896553854,13.881559497443993,0.0],[79.07401476642733,13.881449822727541,0.0],[79.07451059643724,13.881335697690494,0.0],[79.07495519594734,13.881266367263692,0.0],[79.07521003360058,13.881209347763294,0.0],[79.07562712191906,13.881112782665197,0.0],[79.07586811156374,13.881055673268987,0.0],[79.07615993536065,13.8809988891327,0.0],[79.076299319016,13.880918430873713,0.0],[79.07676274393611,13.880813169990976,0.0],[79.07723063253371,13.880721374420203,0.0],[79.07769411691116,13.88060703174327,0.0],[79.07816212458116,13.880497256156794,0.0],[79.07863025542109,13.88038285037143,0.0],[79.07909364456691,13.880268502715163,0.0],[79.07956174289272,13.880158724195658,0.0],[79.08002531445774,13.880030755942151,0.0],[79.08048429968805,13.879893768570465,0.0],[79.0809847651686,13.879779651415303,0.0],[79.08148516624645,13.879660993452053,0.0],[79.08178643113536,13.879595178194299,0.0],[79.08205025149756,13.879569890595127,0.0],[79.08258163863175,13.879668420428187,0.0],[79.08311302523995,13.879753329484148,0.0],[79.08364447428322,13.879842776609554,0.0],[79.08417586068681,13.879927772574828,0.0],[79.08470725165326,13.880026294683725,0.0],[79.08523384333728,13.880133772858308,0.0],[79.08575600231524,13.880223153355072,0.0],[79.08627354504287,13.880308053905049,0.0],[79.08679102970761,13.880401940695785,0.0],[79.08730860444724,13.880482207355564,0.0],[79.08782624203585,13.880567102985339,0.0],[79.08832999824892,13.880629210904535,0.0],[79.08886145346862,13.880718728912667,0.0],[79.08934195515252,13.880812283096146,0.0],[79.08960997530603,13.88085483100691,0.0],[79.0900351139984,13.88091643669809,0.0],[79.09066809163946,13.881042725003969,0.0],[79.09073963222538,13.8807358397464,0.0],[79.09079762466713,13.880383655608243,0.0],[79.09086487913792,13.880036159695962,0.0],[79.09094133288903,13.879688631300244,0.0],[79.09101314074994,13.879341074841244,0.0],[79.09108968759826,13.878993547658508,0.0],[79.09116149379861,13.878645990911968,0.0],[79.09123770779655,13.87833468911252,0.0],[79.09126692782489,13.878131497737124,0.0],[79.0913198237455,13.877847105357562,0.0],[79.09137694506893,13.87761240375957,0.0],[79.09141539543445,13.877404730449543,0.0],[79.09147761283619,13.877115948557691,0.0],[79.09149745027823,13.876926226677927,0.0],[79.0915318818643,13.876637180235747,0.0],[79.09157018345618,13.876452114491919,0.0],[79.09164118190586,13.876226579380972,0.0],[79.09170750477784,13.876005555405518,0.0],[79.0917461916848,13.875761749581917,0.0],[79.09178017592089,13.87554052219913,0.0],[79.09183777537399,13.875247173087605,0.0],[79.09187589675084,13.875089162593683,0.0],[79.09198561042697,13.874615375488498,0.0],[79.09206179098703,13.874308525454413,0.0],[79.09209991031872,13.87415060611242,0.0],[79.09217048845368,13.873974823820381,0.0],[79.09232210297394,13.873474064597406,0.0],[79.09250745621995,13.872774775337064,0.0],[79.09266052716464,13.872052677399267,0.0],[79.09282750472352,13.87133511792187,0.0],[79.09304078627594,13.870613401369804,0.0],[79.09325406618984,13.869891595227223,0.0],[79.09346725034762,13.86916988048195,0.0],[79.0936943405648,13.86845279380516,0.0],[79.09390761217753,13.867731081999347,0.0],[79.09415313063437,13.8670231024167,0.0],[79.09436178243766,13.866296823600532,0.0],[79.09468617562592,13.865562286447924,0.0],[79.09495092263991,13.864755014843547,0.0],[79.09526684900156,13.863893865310787,0.0],[79.09553676880356,13.863005283159605,0.0],[79.09581136171221,13.862112192740371,0.0],[79.09609056614006,13.861223672408778,0.0],[79.09639281099706,13.8603352982301,0.0],[79.09668591292504,13.859437789775209,0.0],[79.09681328802453,13.859086149618726,0.0],[79.09696531445564,13.85851768221215,0.0],[79.09707449424874,13.858120626359971,0.0],[79.09724465145489,13.8576065640358,0.0],[79.09735850609358,13.857204998982207,0.0],[79.09754256562996,13.856681946098014,0.0],[79.09778310282778,13.85601916259961,0.0],[79.0979298545948,13.855545538360841,0.0],[79.09808568470555,13.855090128552328,0.0],[79.09825577644821,13.854585056968428,0.0],[79.09842991662187,13.85415681663664,0.0],[79.09858127475034,13.853674235376738,0.0],[79.0987185524689,13.853227699144941,0.0],[79.09888905283796,13.852659354940606,0.0],[79.09897934919378,13.852321015112743,0.0],[79.09915913928852,13.851752730147131,0.0],[79.09927229899621,13.851441587716856,0.0],[79.09946116565646,13.850891426670819,0.0],[79.0995642353452,13.850702328779182,0.0],[79.10027214088403,13.850688950171898,0.0],[79.10045797042655,13.850686570775238,0.0],[79.10120191390641,13.850677040166332,0.0],[79.10213189690357,13.850647151048795,0.0],[79.10304797746802,13.85062615712666,0.0],[79.10397766698945,13.850641374183107,0.0],[79.10456048517662,13.850631645634305,0.0],[79.10515292137315,13.850585933884462,0.0],[79.1061055690004,13.850628424252319,0.0],[79.10705815374821,13.850666368713876,0.0],[79.10799706989583,13.850677168549113,0.0],[79.10893610999648,13.850683333027057,0.0],[79.10986127038338,13.850680508829155,0.0],[79.11080929842845,13.850704873488924,0.0],[79.11175744900522,13.850724693445766,0.0],[79.11270556967617,13.850749045300491,0.0],[79.11365827861964,13.850782499389538,0.0],[79.11459263912188,13.850779609689694,0.0],[79.11552250383279,13.85076769960274,0.0],[79.11643396681775,13.850742053093137,0.0],[79.11744211442384,13.850780360183984,0.0],[79.11845049547364,13.850782437737086,0.0],[79.11945907711284,13.850753007251233,0.0],[79.12042127368223,13.850741263011308,0.0],[79.12096264701103,13.850717688472146,0.0],[79.12161513405164,13.850681261923535,0.0],[79.12242009806224,13.850672995815303,0.0],[79.12300773904141,13.850649785968878,0.0],[79.12382259125862,13.850533083898311,0.0],[79.12432228117255,13.850518322828547,0.0],[79.12532639416372,13.85047511576853,0.0],[79.12571964559024,13.850468692741046,0.0],[79.12663104001027,13.850438532065589,0.0],[79.12674016092551,13.850450471090133,0.0],[79.12680670996366,13.850457752830504,0.0],[79.12709245638352,13.850613270745066,0.0],[79.12760899776092,13.85084263155804,0.0],[79.12813456701137,13.851099188913466,0.0],[79.1287619322769,13.851347371946952,0.0],[79.12923241043343,13.851544764330855,0.0],[79.12974883726717,13.851778656600015,0.0],[79.13026991825501,13.852026192045832,0.0],[79.13075853942091,13.852264361747439,0.0],[79.13109985398724,13.852420298234229,0.0],[79.1314087078718,13.852566960869696,0.0],[79.13177653665663,13.852894731770268,0.0],[79.13218091867158,13.853290629263784,0.0],[79.13224981695504,13.85335884492752,0.0],[79.13257604103924,13.853681841226756,0.0],[79.13292530040033,13.854023116310085,0.0],[79.13338521401685,13.85441035783597,0.0],[79.13383590485758,13.854801991405152,0.0],[79.13426388768158,13.855125670842137,0.0],[79.13477930705483,13.85550870306593,0.0],[79.1352212321586,13.855832463046982,0.0],[79.13591193919518,13.856297977997604,0.0],[79.13635842224734,13.856621763425027,0.0],[79.13660253045558,13.856768027939564,0.0],[79.13694297705169,13.857050414106183,0.0],[79.13733413608941,13.857351260310667,0.0],[79.13780794586603,13.857734035153063,0.0],[79.13824526793239,13.858053221035627,0.0],[79.1386868897998,13.85841319556298,0.0],[79.13923442312365,13.858850606736805,0.0],[79.1393723190442,13.858968999275495,0.0],[79.13975440313777,13.859251718917623,0.0],[79.14002624420863,13.859407132931697,0.0],[79.14037168800928,13.85963543308651,0.0],[79.14056953444214,13.859781326442711,0.0],[79.14093292642511,13.860081999685937,0.0],[79.14123218681098,13.860296315154459,0.0],[79.14156839984905,13.860515479338847,0.0],[79.1420330067796,13.860902637462019,0.0],[79.14243318924524,13.861235211466035,0.0],[79.14287095484494,13.86148666181031,0.0],[79.14313804555437,13.861660109346204,0.0],[79.14357097046202,13.861943123083403,0.0],[79.14387448346817,13.862207210921513,0.0],[79.14417859441022,13.862389955402293,0.0],[79.14467552156125,13.86278192901209,0.0],[79.14518182789568,13.863160337883306,0.0],[79.14559602044906,13.863483909482067,0.0],[79.14582588372458,13.863697806256102,0.0],[79.1462541746461,13.863980786092371,0.0],[79.14668238383783,13.864277383491533,0.0],[79.14691286712451,13.86439186803485,0.0],[79.14707389295366,13.864528458680828,0.0],[79.14748839975883,13.864802365955814,0.0],[79.14773673283476,13.865020909066285,0.0],[79.14810963403956,13.865276411395623,0.0],[79.148298416907,13.865417703486019,0.0],[79.14870853436854,13.865650908854235,0.0],[79.14873265766454,13.865506424651313,0.0],[79.14872517202363,13.865244181394518,0.0],[79.1487079189612,13.86505878002531,0.0],[79.14869547884196,13.864846260625015,0.0],[79.14866477229656,13.864597499890055,0.0],[79.14865205360093,13.864430192433822,0.0],[79.14861670037558,13.864181403647285,0.0],[79.14858568604323,13.863982303410161,0.0],[79.14853676787273,13.863688223433517,0.0],[79.14853797845598,13.863507378679389,0.0],[79.14849370644549,13.86321332743327,0.0],[79.14848562474185,13.863032518846037,0.0],[79.14848740338225,13.862774872444872,0.0],[79.14853510985624,13.862558260091003,0.0],[79.14855101122532,13.86225557519081,0.0],[79.14856602044324,13.862097421433687,0.0],[79.1486138944461,13.861853664165247,0.0],[79.14871713659379,13.86164192047839,0.0],[79.14892312895202,13.861268090021367,0.0],[79.14901209860402,13.861110462136727,0.0],[79.14909698896338,13.86087600346377,0.0],[79.14921466196625,13.860569381122886,0.0],[79.14931300602454,13.860398281437599,0.0],[79.1494448097847,13.860060147982544,0.0],[79.14952454201782,13.859893477967471,0.0],[79.14967014245816,13.859578032059176,0.0],[79.14975898921159,13.859424943105694,0.0],[79.14989980419207,13.859132075944732,0.0],[79.15004452077223,13.858929564455343,0.0],[79.15019439366031,13.858659356644464,0.0],[79.15035307397014,13.85845247888662,0.0],[79.1506180578759,13.858259845224767,0.0],[79.15100381184378,13.857995654601554,0.0],[79.15129180964011,13.857807694772443,0.0],[79.15163140079856,13.857525073902949,0.0],[79.15188707227848,13.857350450090856,0.0],[79.15224934235336,13.857126791783138,0.0],[79.15260708586426,13.856898657605257,0.0],[79.15287690427404,13.856674363920034,0.0],[79.15306276693542,13.856548989127122,0.0],[79.15343013277965,13.856266619008265,0.0],[79.15379777408353,13.855939039436256,0.0],[79.1540674497663,13.855737348958714,0.0],[79.15440686375912,13.8554819579491,0.0],[79.15473701273258,13.855221882875163,0.0],[79.15493224601863,13.85508303411591,0.0],[79.1552161778884,13.854813699643799,0.0],[79.1553512686494,13.854678946615502,0.0],[79.15566754162955,13.854423418809784,0.0],[79.15587667238938,13.854275571046458,0.0],[79.15608130511762,13.854118708985283,0.0],[79.15614675690048,13.854006154332671,0.0],[79.15622198104404,13.853830287932968,0.0],[79.15629250322702,13.853663563367883,0.0],[79.15632170545724,13.853446756112982,0.0],[79.15632679296067,13.853374520091842,0.0],[79.15646623973493,13.853271476042183,0.0],[79.1567176110492,13.853037992114103,0.0],[79.15681966325432,13.853002546367737,0.0],[79.15726877473384,13.852933085858648,0.0],[79.15749994910361,13.852948144330734,0.0],[79.15780517268159,13.852963634031905,0.0],[79.15817053882463,13.852975025752968,0.0],[79.15850787508548,13.853026926432753,0.0],[79.15870726834268,13.852951373921965,0.0],[79.15891667860039,13.852771930917104,0.0],[79.15906610432503,13.852555914766189,0.0],[79.1592848497117,13.852353920480127,0.0],[79.1594249650266,13.852155917001774,0.0],[79.15970416471109,13.851913693083612,0.0],[79.15988550623895,13.851765678690057,0.0],[79.16029422186868,13.851524208435947,0.0],[79.16052625695674,13.851412711613248,0.0],[79.16076824399578,13.851192784975174,0.0],[79.16086670478154,13.850999077564307,0.0],[79.16106701229944,13.850787895788775,0.0],[79.16116544378833,13.850598727448705,0.0],[79.16126328838766,13.850490898398252,0.0],[79.16148245084474,13.850234614610713,0.0],[79.16172476430263,13.849960490023722,0.0],[79.16185549988046,13.849776048672972,0.0],[79.16215348114312,13.84948418038344,0.0],[79.16226028523302,13.849430601996248,0.0],[79.16264040176723,13.849306435915585,0.0],[79.1629046538964,13.849213280787312,0.0],[79.16322967062405,13.849043582092156,0.0],[79.1634564674806,13.849013395122391,0.0],[79.16378511974915,13.84897934919768,0.0],[79.16407201128854,13.848967574826556,0.0],[79.16447418013087,13.849006308214056,0.0],[79.16469144988469,13.849030262049054,0.0],[79.16495072686939,13.848991272375903,0.0],[79.16513167610952,13.848906527637519,0.0],[79.16535942444874,13.848749789706988,0.0],[79.16568950907794,13.848494233671572,0.0],[79.16585205048098,13.84839585488305,0.0],[79.1661442150684,13.848280250429037,0.0],[79.16641267218345,13.848259285559381,0.0],[79.16686132640869,13.848262149056017,0.0],[79.16707870415416,13.848268124712066,0.0],[79.1675045079308,13.848239169821529,0.0],[79.16773135741165,13.848199897247133,0.0],[79.16812537472983,13.848080427394585,0.0],[79.16844056218545,13.847982925461965,0.0],[79.16880234479771,13.847831584498923,0.0],[79.16896474674186,13.847755806691454,0.0],[79.16925209873611,13.847667221911756,0.0],[79.16949263699435,13.84766878818306,0.0],[79.16983493726855,13.847666399878406,0.0],[79.17014493308555,13.847659285676455,0.0],[79.17059339455575,13.847693819884169,0.0],[79.17080137254985,13.847717710980918,0.0],[79.17118467008889,13.84781959399661,0.0],[79.17148017437728,13.847889288154791,0.0],[79.17158202886071,13.847885424058752,0.0],[79.17169359789605,13.847795735416252,0.0],[79.17191663843336,13.847647946390646,0.0],[79.17211648809126,13.847509104095412,0.0],[79.1721909152159,13.847446345241828,0.0],[79.1722709117198,13.847229920300153,0.0],[79.17227600367512,13.847171121935311,0.0],[79.17230099482678,13.846877487979166,0.0],[79.1723075366814,13.846592826686004,0.0],[79.17231795197173,13.846421122951343,0.0],[79.17235687886692,13.84612756961863,0.0],[79.17243614183589,13.846033155378173,0.0],[79.17259864823212,13.845939308681796,0.0],[79.17286281845885,13.845873189147119,0.0],[79.17312700124278,13.8457890034074,0.0],[79.17328087939677,13.8456001467016,0.0],[79.17340676037088,13.845447261928673,0.0],[79.17357025275516,13.845204262888185,0.0],[79.17368738081768,13.84499259144778,0.0],[79.17378595465429,13.844776273689536,0.0],[79.17385729112246,13.844469379562401,0.0],[79.17390974396992,13.844243720451173,0.0],[79.17392946308482,13.844054005372007,0.0],[79.173958228612,13.843905013662411,0.0],[79.17401083218579,13.843638684334904,0.0],[79.17405049842641,13.843236651441146,0.0],[79.17407071639552,13.84297921531937,0.0],[79.17406274964588,13.842789343242428,0.0],[79.17405529720799,13.842513593448901,0.0],[79.17404724936794,13.842337245870661,0.0],[79.17405366780062,13.842057036795566,0.0],[79.17407759845675,13.841939701127593,0.0],[79.17422265122674,13.841687519139775,0.0],[79.17432089681772,13.841525398883135,0.0],[79.17453960322503,13.841323387941067,0.0],[79.17476770758508,13.84110336501657,0.0],[79.17499551310071,13.84093308942011,0.0],[79.17528823394882,13.84073603933915,0.0],[79.17561317631109,13.840557329318512,0.0],[79.1759473809155,13.840383211581116,0.0],[79.17629545430684,13.840204632409156,0.0],[79.17641204967784,13.840065220845782,0.0],[79.176478636127,13.839789986141518,0.0],[79.17649813494451,13.839636403802507,0.0],[79.17654562845057,13.839446849556088,0.0],[79.17664916210417,13.83917636442126,0.0],[79.17673846316619,13.838955457256215,0.0],[79.1768415649497,13.838757232546818,0.0],[79.17698142464856,13.83859544023452,0.0],[79.17715880005568,13.838343443196653,0.0],[79.17728492519528,13.838163415317409,0.0],[79.17738805178483,13.837960652688055,0.0],[79.17756895268577,13.837880433954643,0.0],[79.17798619920262,13.837738469034623,0.0],[79.1782415988517,13.837581872767766,0.0],[79.17845027644348,13.837501902105972,0.0],[79.17888624936137,13.83731928000664,0.0],[79.17928057599318,13.837141049460358,0.0],[79.17952658766444,13.837015989417688,0.0],[79.17971731334075,13.836845497458008,0.0],[79.18005699585669,13.836544762709943,0.0],[79.18026181589765,13.83634720616322,0.0],[79.18042869658046,13.836280430812382,0.0],[79.18069297809947,13.836191695233424,0.0],[79.18094834572679,13.836039633746193,0.0],[79.18125557317836,13.835743343243829,0.0],[79.1815484084064,13.83552367992132,0.0],[79.18186904692078,13.835299725684065,0.0],[79.18209208177706,13.835147480027354,0.0],[79.18231923996078,13.835067518417597,0.0],[79.18249540799374,13.835000793606122,0.0],[79.18264468131935,13.834816445869386,0.0],[79.1827796986703,13.834686213831697,0.0],[79.1829889039253,13.834515823479382,0.0],[79.18318901849042,13.834327225435484,0.0],[79.18336546543955,13.834228908993042,0.0],[79.18356026580132,13.834153301376194,0.0],[79.18383416559402,13.833992353455454,0.0],[79.1840201434342,13.833853421836983,0.0],[79.1842108587791,13.833682833813432,0.0],[79.1843924040296,13.833507745549811,0.0],[79.1846114963921,13.833251440182453,0.0],[79.18482575640367,13.833026789413644,0.0],[79.1850671242995,13.832883720891004,0.0],[79.18518821568891,13.83276693478432,0.0],[79.18533266518061,13.832596085278352,0.0],[79.18568621885156,13.832286432337119,0.0],[79.18585856357608,13.832111290998158,0.0],[79.18594763258577,13.831926511607325,0.0],[79.18617548904716,13.831742696340765,0.0],[79.18630556080662,13.831662091397254,0.0],[79.18657913317894,13.831555332769389,0.0],[79.18684776648385,13.831498293666824,0.0],[79.18707953391457,13.831422890406337,0.0],[79.18722347362065,13.831337913819521,0.0],[79.18745558627239,13.831203777893,0.0],[79.1876832263588,13.831056089470493,0.0],[79.1881144166031,13.830891571926363,0.0],[79.18841573616464,13.830789506163077,0.0],[79.18876849416266,13.830597311634257,0.0],[79.18918168670193,13.830364877182006,0.0],[79.18940006068813,13.830212596288792,0.0],[79.18957619236011,13.830150402557052,0.0],[79.18985017098133,13.829989445611814,0.0],[79.18997543539396,13.829935953608253,0.0],[79.19041598847446,13.829757956334307,0.0],[79.19069908246914,13.82961057516454,0.0],[79.19127822049977,13.82945150805196,0.0],[79.19160709716547,13.829385721410516,0.0],[79.19191280340996,13.829310814376976,0.0],[79.19233932529956,13.829164324755046,0.0],[79.19255761457119,13.829025564248433,0.0],[79.19288712500916,13.828851387084502,0.0],[79.19313760908362,13.828735409863226,0.0],[79.19348158100551,13.828470896319265,0.0],[79.19374605069632,13.82834600935912,0.0],[79.19400625836369,13.828171351670663,0.0],[79.19435916014052,13.827952093922724,0.0],[79.19469368144992,13.82771466795637,0.0],[79.19501422692252,13.82749967630835,0.0],[79.19524166812427,13.82738356816691,0.0],[79.1956688658071,13.82711960486323,0.0],[79.19599867215386,13.826909201971649,0.0],[79.19630566244085,13.826644476927715,0.0],[79.19653316757383,13.826501223947872,0.0],[79.1968586676036,13.826232153091523,0.0],[79.1972443889196,13.825958786458147,0.0],[79.19740290792343,13.82576095498986,0.0],[79.19753782360219,13.825644237981873,0.0],[79.19771976195725,13.825396788821193,0.0],[79.19793860653752,13.825176688275539,0.0],[79.19797694706077,13.82497355840124,0.0],[79.19809333445276,13.82484775112585,0.0],[79.19823855066781,13.82457295615818,0.0],[79.19833704488605,13.824361173191129,0.0],[79.19839838356859,13.82418068429479,0.0],[79.19843117061679,13.824117684783468,0.0],[79.19866837813981,13.823902224909396,0.0],[79.19882153968233,13.82382627777899,0.0],[79.19918312035787,13.823692934374783,0.0],[79.19947006067655,13.823663117181566,0.0],[79.19992797678788,13.823656943446968,0.0],[79.20011787227408,13.823621955887026,0.0],[79.20047972708166,13.823456930593567,0.0],[79.20083701497548,13.82327835249678,0.0],[79.20118044675499,13.823086172001691,0.0],[79.20146861990195,13.822875528498038,0.0],[79.20171492645011,13.82269170512806,0.0],[79.20204956593557,13.822445188862922,0.0],[79.20239804530505,13.822198838437133,0.0],[79.20272306588922,13.821992936563717,0.0],[79.20301993343702,13.821868214215698,0.0],[79.20333565167691,13.821680323356366,0.0],[79.20381353754188,13.821448302434137,0.0],[79.20395689335302,13.821444645056333,0.0],[79.20421107084445,13.82147337099789,0.0],[79.20454808609387,13.821570364440253,0.0],[79.20484369624515,13.821630907153144,0.0],[79.20509782238733,13.821668617222178,0.0],[79.2054534543204,13.821743106985378,0.0],[79.20564822436215,13.821667563052666,0.0],[79.20571360940272,13.821572970212335,0.0],[79.20572795881424,13.821500790326274,0.0],[79.205723627465,13.821446482176665,0.0],[79.20559039410058,13.821305589408558,0.0],[79.20550788323935,13.821196565342017,0.0],[79.2054727659578,13.82090715583713,0.0],[79.20551576483828,13.820699513414853,0.0],[79.20556729414565,13.820591318908406,0.0],[79.20566079094407,13.820438238995443,0.0],[79.20593070036888,13.820186819965826,0.0],[79.20616806024842,13.819957826446943,0.0],[79.20638724644209,13.819674445930135,0.0],[79.20654097091625,13.819499093268915,0.0],[79.2068108768928,13.819247673279955,0.0],[79.20691376428205,13.81907658045146,0.0],[79.20704017110782,13.818837806631146,0.0],[79.20732356296816,13.818631668433296,0.0],[79.20754686921968,13.818438633443613,0.0],[79.20776543798006,13.818245662056013,0.0],[79.20814141135428,13.81804456827522,0.0],[79.20845209059569,13.81790638656723,0.0],[79.20899895301218,13.81774253811701,0.0],[79.20908697992921,13.817715969060911,0.0],[79.20948952627332,13.817691305436426,0.0],[79.20973902663937,13.81772453447522,0.0],[79.21014085772659,13.817808341716445,0.0],[79.21041805519693,13.817855246862141,0.0],[79.21046035770316,13.817751539769977,0.0],[79.21052668417514,13.817507896062763,0.0],[79.21057942941083,13.8172189720556,0.0],[79.21061742303017,13.817056509949278,0.0],[79.21069329672002,13.816767712005078,0.0],[79.2107360802642,13.816596198796335,0.0],[79.21088140180227,13.816280730354672,0.0],[79.21093763643563,13.816177099857839,0.0],[79.21116696474299,13.815758242977967,0.0],[79.21147840095055,13.815502505561833,0.0],[79.21173386745033,13.815336874222057,0.0],[79.21209098940209,13.815180875564561,0.0],[79.21240154444861,13.815078814201344,0.0],[79.21282836216497,13.814869001196556,0.0],[79.2130975861181,13.814717059062788,0.0],[79.21338956323041,13.814614894319563,0.0],[79.21379329022812,13.814413939449512,0.0],[79.2140531474404,13.81427547006006,0.0],[79.21448417645522,13.81412440758543,0.0],[79.21481318556985,13.814026980628585,0.0],[79.2151838329345,13.813925331672968,0.0],[79.21544825500045,13.813800410203752,0.0],[79.21576396269737,13.813607958880144,0.0],[79.21601475045577,13.81344683417935,0.0],[79.21613146092939,13.813275812920258,0.0],[79.21619769821851,13.813045694711976,0.0],[79.21620330920176,13.812892043735413,0.0],[79.21621437705141,13.812611972447382,0.0],[79.21619691158236,13.812449117904798,0.0],[79.21612483177083,13.812154888972874,0.0],[79.21607050163391,13.811973771101975,0.0],[79.21587331336997,13.811710451397973,0.0],[79.21575371381256,13.81160577413055,0.0],[79.21555990558461,13.81153228230278,0.0],[79.21535684997957,13.811467727407098,0.0],[79.21525981245144,13.811462569796864,0.0],[79.21497755472743,13.811474469494392,0.0],[79.21461670768258,13.811503822967229,0.0],[79.21415840404568,13.81156886490402,0.0],[79.2139085882001,13.811576399746746,0.0],[79.21346015625736,13.8115555287395,0.0],[79.213256751357,13.81153617429241,0.0],[79.21275728945558,13.811537626191752,0.0],[79.21262364622827,13.811468997623473,0.0],[79.21238856320666,13.811336546451479,0.0],[79.21232440736827,13.811250232368266,0.0],[79.21225141670783,13.811100691551106,0.0],[79.21223835209457,13.810965003478517,0.0],[79.21223998482576,13.810711932983516,0.0],[79.21224128154414,13.81051759218224,0.0],[79.21221983754286,13.810255319490443,0.0],[79.21219765507466,13.81010605669395,0.0],[79.21215788297484,13.80981654203134,0.0],[79.21209441467438,13.80962629660301,0.0],[79.21203082862337,13.809440589267442,0.0],[79.21189379945253,13.809168608255074,0.0],[79.21176107683206,13.808955381947317,0.0],[79.21159644706813,13.808669634176477,0.0],[79.21148652890652,13.80849719890432,0.0],[79.21134484711779,13.808243256463571,0.0],[79.21123495561046,13.8080662827148,0.0],[79.21101937693294,13.807789243670518,0.0],[79.21088622940069,13.807634745019975,0.0],[79.21064747283265,13.807366656159358,0.0],[79.2105004354289,13.80722106777672,0.0],[79.21031071055165,13.807247080735896,0.0],[79.21001913580284,13.80728143111146,0.0],[79.20980133982846,13.807343325417294,0.0],[79.20932464273514,13.807394634419493,0.0],[79.2090980543166,13.807402288180432,0.0],[79.20865400577487,13.807413106106877,0.0],[79.20837634721278,13.807434004437289,0.0],[79.2078951759384,13.807471758125452,0.0],[79.20767316457504,13.80747489616277,0.0],[79.20726143810367,13.807485888344065,0.0],[79.20697463721761,13.807497656440752,0.0],[79.20667386593149,13.807531949496186,0.0],[79.20643352710378,13.807507935415172,0.0],[79.20633639982536,13.807502770439656,0.0],[79.20598021613532,13.807514154585288,0.0],[79.20567469633312,13.807566483177458,0.0],[79.20518372676324,13.807676429861377,0.0],[79.20496617612145,13.80771126892614,0.0],[79.20471615810636,13.807754915074899,0.0],[79.20444706765802,13.80788432661884,0.0],[79.20429379685667,13.807982788045779,0.0],[79.20403784144652,13.80823427198617,0.0],[79.2038936224281,13.808373540114292,0.0],[79.2037643289507,13.808341055570574,0.0],[79.20353359037898,13.808262807418714,0.0],[79.20329359024808,13.808179966365664,0.0],[79.20285593730667,13.807919661471066,0.0],[79.20265787711172,13.807796386020284,0.0],[79.20221121496539,13.807504349940794,0.0],[79.20200848561535,13.807385587445067,0.0],[79.20168196099142,13.807103381202795,0.0],[79.20152117170308,13.80694418336512,0.0],[79.2012683987154,13.80669406641066,0.0],[79.20107535279728,13.80650754676645,0.0],[79.20083643395098,13.806271030316665,0.0],[79.20061122468115,13.80605719286668,0.0],[79.20029390112069,13.805775036467459,0.0],[79.20006853490993,13.805588337583407,0.0],[79.19967728143266,13.805305680109976,0.0],[79.19947007228093,13.805159748140017,0.0],[79.19916218521462,13.804868655932086,0.0],[79.19902894873695,13.80473221069124,0.0],[79.1988177152002,13.804495845897616,0.0],[79.19864333005894,13.804295903758327,0.0],[79.19845527683009,13.804050681164,0.0],[79.1982809192039,13.803846200405081,0.0],[79.19797766883623,13.803541516786046,0.0],[79.19774253464406,13.803422568428637,0.0],[79.19765918408066,13.803444616854629,0.0],[79.19711736477856,13.80356332886267,0.0],[79.19702008235195,13.803585299340467,0.0],[79.19677451589148,13.803647018620568,0.0],[79.19658074149748,13.803587119720099,0.0],[79.1963452930822,13.803522358908216,0.0],[79.19604035880535,13.803475273807532,0.0],[79.19575380190508,13.803446354148651,0.0],[79.1953655430729,13.803416867239525,0.0],[79.19509281342683,13.803406087910025,0.0],[79.19504722003103,13.803292821746773,0.0],[79.19496526921773,13.80310700763436,0.0],[79.19485124835023,13.802862193619232,0.0],[79.19477818823532,13.802712647100162,0.0],[79.19467825778973,13.802440862047256,0.0],[79.19459159780341,13.802250483305757,0.0],[79.19449128473265,13.802028348242153,0.0],[79.19438201365408,13.801765588453438,0.0],[79.19426767730924,13.801575055226083,0.0],[79.19415817049052,13.801352869887383,0.0],[79.19407631403955,13.80113546759952,0.0],[79.19398005090046,13.800999225818229,0.0],[79.19382909401496,13.800749759101029,0.0],[79.19366869263395,13.800527289307224,0.0],[79.19352642913361,13.800363649681094,0.0],[79.19339043768207,13.799937988033626,0.0],[79.1932316253181,13.79947598068734,0.0],[79.19318647080199,13.799303989108711,0.0],[79.19307733827655,13.799018539453497,0.0],[79.19298240086627,13.798688053793724,0.0],[79.19285966841142,13.798361862333845,0.0],[79.19274648841937,13.797990610852759,0.0],[79.1926607741579,13.79765554924126,0.0],[79.19260151864555,13.797528683835928,0.0],[79.19252018309689,13.797238941354912,0.0],[79.19242974726137,13.796917470289099,0.0],[79.1923024136697,13.796600331237435,0.0],[79.19212441149905,13.796228536429503,0.0],[79.1919692570599,13.795920318773788,0.0],[79.19188738118743,13.795707367166733,0.0],[79.19182413278844,13.795485532976649,0.0],[79.19171945082972,13.795218172617382,0.0],[79.19164680968701,13.795014349119352,0.0],[79.19157006939257,13.794733621053561,0.0],[79.19150662302198,13.794529850240872,0.0],[79.19138778580803,13.794316691005617,0.0],[79.19125065212994,13.794071842386868,0.0],[79.19095226759879,13.793735500453726,0.0],[79.19072738743843,13.793471914697644,0.0],[79.19086240755372,13.793332704952899,0.0],[79.19102559596597,13.793125847896597,0.0],[79.19120209022007,13.793009381399333,0.0],[79.1915087235759,13.792794341685651,0.0],[79.19168492540989,13.79272770607008,0.0],[79.19186119401482,13.792633839075307,0.0],[79.19200931019448,13.792621234623597,0.0],[79.19218974432835,13.792608811119637,0.0],[79.19256058970875,13.792466472841015,0.0],[79.19284811578169,13.792341730167829,0.0],[79.19297819908854,13.792252141756615,0.0],[79.19341442108414,13.792015404028252,0.0],[79.1936882658031,13.791863443492092,0.0],[79.1941013613089,13.791626482938929,0.0],[79.19434730475905,13.791496876847212,0.0],[79.1946860366393,13.791318227365862,0.0],[79.19495051348397,13.791179736918828,0.0],[79.19532189282756,13.790960604207195,0.0],[79.1957768125375,13.790701362425937,0.0],[79.19595774518315,13.790603069383211,0.0],[79.19618042874711,13.790495932126456,0.0],[79.19634328955216,13.790343259421405,0.0],[79.19655725236849,13.79015483374485,0.0],[79.19667838744128,13.790006374989765,0.0],[79.19693942765404,13.789691679728922,0.0],[79.1971911812991,13.789376842715347,0.0],[79.19735876097903,13.789210669425351,0.0],[79.19750348045409,13.788999167295051,0.0],[79.19766161438059,13.788860080825836,0.0],[79.19783410048876,13.788648733123207,0.0],[79.19801598995811,13.788401220453485,0.0],[79.19813791137625,13.78814892566275,0.0],[79.19823609062044,13.787986814431566,0.0],[79.19827377618383,13.787878555906182,0.0],[79.1983210638744,13.787716161706133,0.0],[79.19847592090042,13.787373645965037,0.0],[79.1985274168547,13.787270002723895,0.0],[79.19861261255781,13.786976750581918,0.0],[79.19867939200655,13.78665634673996,0.0],[79.19875081497867,13.786335879119395,0.0],[79.19879010362915,13.785983554569654,0.0],[79.1988096886902,13.78582554640081,0.0],[79.19883886241946,13.785599696116149,0.0],[79.19885822394878,13.785464287829285,0.0],[79.19889250076696,13.785175201664599,0.0],[79.19891733343732,13.784913294182653,0.0],[79.19893648517898,13.784813919373965,0.0],[79.19900297403139,13.784543166058972,0.0],[79.19906412205486,13.78437631189541,0.0],[79.1991956410287,13.784069794158002,0.0],[79.19926098573355,13.783979843570611,0.0],[79.1995962973347,13.783602298412248,0.0],[79.19996416229043,13.783215854220277,0.0],[79.20017826669667,13.783000289778688,0.0],[79.20036919423138,13.782793582447571,0.0],[79.20060229001699,13.782505782413573,0.0],[79.20072336132505,13.782366398986888,0.0],[79.200988733835,13.78210137747529,0.0],[79.20117011038006,13.781939818135328,0.0],[79.20149099982162,13.78166157956353,0.0],[79.20164447814008,13.781522466898942,0.0],[79.20199306506991,13.78123984175794,0.0],[79.20221133521893,13.781105625614739,0.0],[79.20241591106236,13.780930669499568,0.0],[79.20254117800668,13.780868188730881,0.0],[79.2028056259533,13.78072968810189,0.0],[79.20311162411473,13.780600493303451,0.0],[79.2032370474664,13.7805108730502,0.0],[79.20334434448102,13.780375952217197,0.0],[79.20344716677943,13.780195803612372,0.0],[79.20354120171962,13.779961420437285,0.0],[79.2036293624804,13.779907719660292,0.0],[79.20396846042068,13.779674779003441,0.0],[79.20419586702288,13.779549686568652,0.0],[79.20440913671831,13.779460551425206,0.0],[79.20465440796872,13.779425959129576,0.0],[79.20511732932977,13.779347456427258,0.0],[79.20535338123705,13.779317261429629,0.0],[79.2058122477376,13.779152868485559,0.0],[79.20603919419706,13.779091035940908,0.0],[79.20632164630976,13.779034045110112,0.0],[79.20668278995966,13.77895488721619,0.0],[79.20697905264134,13.77890251028984,0.0],[79.20718325494674,13.778790809788122,0.0],[79.20764635498963,13.77868062310941,0.0],[79.20786413364105,13.778614198234067,0.0],[79.20805427620262,13.778524929965931,0.0],[79.20828639891799,13.778386333459316,0.0],[79.20847174186002,13.778324177969267,0.0],[79.20890829683347,13.778033126918945,0.0],[79.20912171554606,13.77791693630796,0.0],[79.20938629709876,13.777769350031711,0.0],[79.20977119412527,13.777595464003653,0.0],[79.2102445737139,13.777327211826062,0.0],[79.21047186811461,13.777220171953187,0.0],[79.21066650517545,13.777140002610675,0.0],[79.21089398044866,13.777001286281449,0.0],[79.21108893069972,13.776898607617689,0.0],[79.21148342082785,13.776670492812105,0.0],[79.21174792912811,13.776518454000003,0.0],[79.21203555980148,13.776366541168604,0.0],[79.21238790192287,13.776233133389741,0.0],[79.21261499671687,13.776144152422955,0.0],[79.2129489105716,13.776001567180478,0.0],[79.21319897245341,13.775939849280006,0.0],[79.21343983919036,13.7758780807847,0.0],[79.21385649974621,13.775799298494574,0.0],[79.21409269946223,13.775741950932256,0.0],[79.21442213191321,13.775554137455002,0.0],[79.21462170614507,13.775437865049184,0.0],[79.21505758056077,13.775246180933543,0.0],[79.21532199547306,13.775125813293862,0.0],[79.2155584231837,13.775027802397403,0.0],[79.21576741025635,13.774888978670045,0.0],[79.21594411796423,13.774727379807004,0.0],[79.21607482821406,13.77453839134559,0.0],[79.21623798138296,13.774326979071798,0.0],[79.21640148409777,13.774070368276044,0.0],[79.2165043014489,13.773903738481865,0.0],[79.21670460619256,13.773674465125785,0.0],[79.21683486177109,13.773548738172634,0.0],[79.21719755657797,13.773225588477377,0.0],[79.21733253245793,13.773086271441457,0.0],[79.2176117409662,13.772812315436786,0.0],[79.21776541487941,13.772650499564914,0.0],[79.21784937563906,13.772533506425074,0.0],[79.21795749803034,13.772249455597787,0.0],[79.21807979539646,13.771938345432256,0.0],[79.21819735696339,13.771627297804532,0.0],[79.21831466101982,13.771361360025947,0.0],[79.21836141649383,13.771271212658238,0.0],[79.21840346793984,13.771208177936094,0.0],[79.2187522906977,13.770889490434381,0.0],[79.21888249174668,13.770772746097803,0.0],[79.2191431127258,13.770516751012083,0.0],[79.2192085918302,13.770399657706863,0.0],[79.21934429444919,13.770147343368453,0.0],[79.21945639942795,13.769962701034672,0.0],[79.21960141280164,13.769705989830708,0.0],[79.21971823644132,13.769507850367374,0.0],[79.21988245990835,13.769138242108063,0.0],[79.22004668104614,13.768768725724145,0.0],[79.2201308934611,13.768606533422501,0.0],[79.22025729779739,13.768372230951845,0.0],[79.22037888907775,13.768151516831999,0.0],[79.22048184936098,13.767957840791158,0.0],[79.22058046447697,13.7677279263098,0.0],[79.22065096646699,13.76754306032137,0.0],[79.22077752290399,13.767281711889018,0.0],[79.22086652881681,13.767092407971782,0.0],[79.22097915645728,13.766830984422851,0.0],[79.22102206374196,13.766632446099115,0.0],[79.22106543044642,13.766352496179405,0.0],[79.22109892581331,13.76617641614624,0.0],[79.22113284512056,13.765941615718965,0.0],[79.22116214642737,13.765702252416549,0.0],[79.22120965511014,13.765494663410012,0.0],[79.22125274076274,13.765264450114152,0.0],[79.22130506066125,13.7650432722233,0.0],[79.22131955037854,13.764943965902978,0.0],[79.22131579204814,13.764803809202174,0.0],[79.22134913235867,13.764654866694846,0.0],[79.22140133335846,13.76443822749229,0.0],[79.2214116574435,13.764271099332365,0.0],[79.22146379671443,13.76408159759151,0.0],[79.22147798916183,13.764018413754219,0.0],[79.22148318335162,13.763937118965096,0.0],[79.22146576861918,13.763765303175008,0.0],[79.22143467305604,13.763566186187212,0.0],[79.22136250645354,13.763290062810587,0.0],[79.22132681849435,13.763081935035956,0.0],[79.22127298543046,13.762814987121157,0.0],[79.22123279887296,13.762597849996252,0.0],[79.22117439137507,13.76233532497864,0.0],[79.22112479323553,13.762140736663298,0.0],[79.22106593549057,13.761941471430097,0.0],[79.2210570754892,13.761882699665659,0.0],[79.22120147384942,13.761716297251835,0.0],[79.22139236639461,13.761505127847906,0.0],[79.22169502085373,13.761167949327023,0.0],[79.22209019447745,13.760840436642765,0.0],[79.22226208104902,13.76070594720233,0.0],[79.22256419664281,13.760463701678692,0.0],[79.22280596646974,13.760252804694915,0.0],[79.22316856156523,13.759938638444881,0.0],[79.22328486198168,13.759830895943919,0.0],[79.22347132616143,13.759597010235536,0.0],[79.22360161434658,13.759462205740878,0.0],[79.22381084999705,13.75927364180638,0.0],[79.22392315981429,13.759066495550998,0.0],[79.22405868973861,13.758841321487404,0.0],[79.22416174014641,13.758629495816363,0.0],[79.22426484084126,13.758408686182998,0.0],[79.22437704756089,13.75821959979373,0.0],[79.22457257233388,13.758008362563068,0.0],[79.22470288348386,13.757869019866035,0.0],[79.22490302406966,13.757662345207136,0.0],[79.22507035442486,13.757527830114448,0.0],[79.22518193381607,13.757433586437651,0.0],[79.22542322068388,13.75729039081965,0.0],[79.22576174289983,13.757143361656704,0.0],[79.22600741790247,13.757045387759367,0.0],[79.22621192777252,13.756870411121492,0.0],[79.22636991985063,13.756744829868243,0.0],[79.22667186809004,13.75652971379576,0.0],[79.22697833844559,13.756319159435671,0.0],[79.22719637695239,13.756198437458227,0.0],[79.22750715911663,13.756046718010793,0.0],[79.22794744439207,13.755882167703396,0.0],[79.22812810589268,13.755819965268678,0.0],[79.22848504756027,13.755682014142844,0.0],[79.22873057434309,13.75559311204575,0.0],[79.22915217828009,13.755464580327551,0.0],[79.22943003114308,13.755389463792893,0.0],[79.22967072918848,13.75535027016024,0.0],[79.23003164560227,13.755298195324348,0.0],[79.23043896664656,13.755232934160672,0.0],[79.23070283424542,13.755184786656441,0.0],[79.23100847178213,13.755105276597602,0.0],[79.2313928754181,13.755003677801957,0.0],[79.23161527182349,13.754932708610042,0.0],[79.23204621402273,13.75477708165948,0.0],[79.23241720999289,13.754598627058053,0.0],[79.23274663537956,13.754415320730416,0.0],[79.23319170342985,13.754223643934266,0.0],[79.23341886473645,13.754130098634416,0.0],[79.23382206661003,13.753969872066262,0.0],[79.23404900280393,13.753916984396344,0.0],[79.23450241161362,13.753860942029464,0.0],[79.23502559426235,13.753746637790112,0.0],[79.23521550992402,13.753689014830961,0.0],[79.23560914056041,13.753596530036205,0.0],[79.23588706166672,13.753507787221537,0.0],[79.236252981257,13.753406077992173,0.0],[79.2365587620638,13.75329942067575,0.0],[79.23693416470425,13.75316154841518,0.0],[79.2373234761627,13.753010223152403,0.0],[79.23754594208356,13.752925722670573,0.0],[79.23816638283493,13.752784875924318,0.0],[79.23846275238687,13.752700763782238,0.0],[79.23878215648885,13.752648448159107,0.0],[79.23942539633104,13.752548375193957,0.0],[79.23977271015308,13.752469158801402,0.0],[79.2401293898345,13.752358316450009,0.0],[79.24052321213537,13.752229605427722,0.0],[79.24081962857484,13.752136504716079,0.0],[79.24119020711444,13.752030270047806,0.0],[79.24151907493265,13.751928262107368,0.0],[79.24189434448417,13.751812974607018,0.0],[79.2422220846961,13.751703940905498,0.0],[79.24222303699071,13.751742638665016,0.0],[79.24217833818928,13.752239579558722,0.0],[79.24213354764942,13.752736429924695,0.0],[79.24207494706475,13.753228670477089,0.0],[79.24202105707943,13.753725474405401,0.0],[79.24198093127305,13.75421790426452,0.0],[79.24194544886576,13.754710267580398,0.0],[79.24193772554368,13.755202869263153,0.0],[79.24188845866335,13.755686087426923,0.0],[79.24187626007512,13.756165142082834,0.0],[79.241836258873,13.75663488632238,0.0],[79.24181946763818,13.75710484404742,0.0],[79.24180258487486,13.757574710270749,0.0],[79.24177198415009,13.75804005776655,0.0],[79.24175057512764,13.75850545515343,0.0],[79.24173838382359,13.758966362772656,0.0],[79.24171704949946,13.759418147842613,0.0],[79.24169574045514,13.759865485497915,0.0],[79.24166978840195,13.760312708550591,0.0],[79.24165860345879,13.760624504076771,0.0],[79.24163319085402,13.760990409788468,0.0],[79.24189664805567,13.761001051402829,0.0],[79.24257144145693,13.761045801301782,0.0],[79.2432462367239,13.76109045729478,0.0],[79.24392093815732,13.761135199492802,0.0],[79.24459573380204,13.761179939937564,0.0],[79.24486842726812,13.761199610701592,0.0],[79.24527052895674,13.76122467722428,0.0],[79.24561705715367,13.761258346291982,0.0],[79.24597756306879,13.761283102380853,0.0],[79.24630104605514,13.761303126877507,0.0],[79.2466709598512,13.761305331114027,0.0],[79.24708242156208,13.761316826553559,0.0],[79.24734583020371,13.761336534896198,0.0],[79.2476829021284,13.761401825881464,0.0],[79.24803443825253,13.7613857786362,0.0],[79.24834895158752,13.761365090222107,0.0],[79.24863276022248,13.761348700124676,0.0],[79.24933838529242,13.761366519807737,0.0],[79.250688884688,13.761306739828445,0.0],[79.25153512470213,13.761293705984688,0.0],[79.25213626464367,13.761274677980445,0.0],[79.25294589243526,13.761198185092466,0.0],[79.25358410373117,13.761174895936318,0.0],[79.25405578621718,13.761159545989832,0.0],[79.25483740573931,13.761128097055014,0.0],[79.25582696041104,13.761106792681929,0.0],[79.2565806467573,13.761106776450175,0.0],[79.25686729781283,13.761103987050614,0.0],[79.2578199463526,13.76107349346238,0.0],[79.25916594220931,13.760986564426885,0.0],[79.259808964182,13.76093159625963,0.0],[79.26010944610269,13.760946932708798,0.0],[79.26165406113432,13.760892765020168,0.0],[79.2625696836602,13.760857512399536,0.0],[79.26293964646098,13.760850689886835,0.0],[79.26404958079291,13.760802988857922,0.0],[79.26494195848265,13.7608082639262,0.0],[79.26592715172897,13.760750836260032,0.0],[79.26695849020095,13.76069363565021,0.0],[79.26831354639681,13.7606473279127,0.0],[79.26963612513445,13.760614457798239,0.0],[79.26997837129757,13.760598399875935,0.0],[79.27008470804587,13.760594491154677,0.0],[79.270602506321,13.760602010631143,0.0],[79.2720775876588,13.760579054702193,0.0],[79.27237823658909,13.76056269206456,0.0],[79.27365433873041,13.76055668680727,0.0],[79.27494927196686,13.760500938653118,0.0],[79.27549499818916,13.760476995653207,0.0],[79.27659123457153,13.760402082822027,0.0],[79.27742832072161,13.760379865862495,0.0],[79.27850115287944,13.760340942750398,0.0],[79.27891749344678,13.760307174171741,0.0],[79.2803512337969,13.760234190372747,0.0],[79.2819192329487,13.760143889891204,0.0],[79.28307072904299,13.760100877446487,0.0],[79.28424539038083,13.760067046828347,0.0],[79.28565119886738,13.760025457008949,0.0],[79.28672407270618,13.759995549854917,0.0],[79.28836126068938,13.759919135723846,0.0],[79.28966084827591,13.759858830411487,0.0],[79.29091400917952,13.759834408299254,0.0],[79.2928101024541,13.759750502378667,0.0],[79.29303222047021,13.75972917342099,0.0],[79.29339357927347,13.758845394877252,0.0],[79.29426190661968,13.756690102170445,0.0],[79.2948028929288,13.755138581755599,0.0],[79.29564630123386,13.75329049159764,0.0],[79.29651192839249,13.751206215318803,0.0],[79.29678167147613,13.75053561325448,0.0],[79.29695552575157,13.750071144707482,0.0],[79.29719097043352,13.749362928699933,0.0],[79.2974869885491,13.748573690096647,0.0],[79.297717670674,13.74788805244211,0.0],[79.29784964899928,13.747459502563258,0.0],[79.29799585165581,13.746990364468239,0.0],[79.29811401870947,13.746557121465438,0.0],[79.29830171967001,13.746088185485805,0.0],[79.29858885547023,13.745235652207706,0.0],[79.29874895504571,13.74475306055725,0.0],[79.29886677269683,13.74438761344609,0.0],[79.299036154581,13.74388691583957,0.0],[79.29920034106063,13.743494739642976,0.0],[79.29936052973112,13.742993999187034,0.0],[79.29950139146464,13.742642277844102,0.0],[79.2996985958435,13.742128195680529,0.0],[79.29980246018646,13.74176721968587,0.0],[79.29999557273162,13.741180787026753,0.0],[79.30012744576872,13.740770304140963,0.0],[79.30025957083335,13.740328150434873,0.0],[79.30039146531604,13.739913130727382,0.0],[79.30054714266531,13.739403296937844,0.0],[79.30073928348362,13.738970601089393,0.0],[79.30089445174198,13.738524022345347,0.0],[79.30104971136768,13.738077535222375,0.0],[79.30120501510154,13.737621973357015,0.0],[79.30132720924875,13.737288225308353,0.0],[79.30152467421874,13.73673803015017,0.0],[79.30163778999476,13.736381641102687,0.0],[79.30179814508514,13.735844698718081,0.0],[79.30192511397115,13.73548393058978,0.0],[79.30210862797098,13.734956176765179,0.0],[79.30225921645841,13.734514117337293,0.0],[79.30239539527307,13.73414885716188,0.0],[79.30251815605463,13.73372018598375,0.0],[79.3026739554482,13.733183315563743,0.0],[79.30281511793383,13.732768347266283,0.0],[79.30299361687081,13.732294843123736,0.0],[79.30309275524726,13.731947375411439,0.0],[79.30326679487119,13.731455789935607,0.0],[79.30327014161949,13.731424743471942,0.0],[79.30335867658437,13.731012811232313,0.0],[79.30346060985805,13.730742863886055,0.0],[79.3035544872016,13.730499282923855,0.0],[79.30368181373551,13.730084251126407,0.0],[79.30381375644207,13.729655719120077,0.0],[79.30396408142951,13.729263395434142,0.0],[79.30412423575778,13.728762580789057,0.0],[79.30425132908722,13.728374683235025,0.0],[79.30443432173048,13.727928339780737,0.0],[79.30456155205792,13.727531369372475,0.0],[79.30475851070959,13.72705795856822,0.0],[79.30481539157688,13.726823276968368,0.0],[79.3048485192968,13.726696928210924,0.0],[79.30494725985976,13.726408178826183,0.0],[79.3050413599616,13.72613755738781,0.0],[79.30518241746405,13.725740745966133,0.0],[79.30536108176395,13.725231039212638,0.0],[79.30546480458928,13.724892673371196,0.0],[79.30566658146331,13.724401228954445,0.0],[79.30576058595622,13.724130608197862,0.0],[79.3066049964334,13.724397574946199,0.0],[79.3072645711645,13.724649855465557,0.0],[79.30761033937613,13.724800981954711,0.0],[79.30823729395786,13.72509829529471,0.0],[79.30933451001862,13.725601686277898,0.0],[79.31016906429156,13.725967958852323,0.0],[79.3107452508877,13.726246869093265,0.0],[79.31130776845633,13.726494130651758,0.0],[79.3117366048049,13.7266683326547,0.0],[79.3125757896867,13.727039152041758,0.0],[79.3133872473908,13.72740529727932,0.0],[79.31383440538765,13.727611162143837,0.0],[79.3149226967831,13.728069278425853,0.0],[79.31536997416465,13.728270691755466,0.0],[79.31601989380563,13.728586142727064,0.0],[79.31654095377834,13.728810591613904,0.0],[79.31726468313563,13.729162598203986,0.0],[79.31760580975727,13.729318218200882,0.0],[79.3179655252788,13.729469387850244,0.0],[79.31849596441103,13.729675724281716,0.0],[79.31887872623554,13.729822554854657,0.0],[79.31921064337213,13.729982574647726,0.0],[79.31955639368903,13.730142659967008,0.0],[79.32000828214596,13.730353157923933,0.0],[79.32048314833212,13.730572748267816,0.0],[79.32111022072722,13.730838429284331,0.0],[79.3218295569293,13.73116334924442,0.0],[79.32259510030885,13.73147496013016,0.0],[79.3231668487968,13.731722222389733,0.0],[79.32398309237786,13.732070276435536,0.0],[79.3243058932192,13.732198569284112,0.0],[79.32441196349475,13.732244351925742,0.0],[79.32452697921893,13.73233990868555,0.0],[79.32489583370814,13.73250471890118,0.0],[79.32558292345614,13.732802335605536,0.0],[79.32666203311508,13.7332557874514,0.0],[79.32735347967225,13.733594073872187,0.0],[79.32799439259045,13.733882389190814,0.0],[79.32871853567882,13.734180164852432,0.0],[79.32914262305961,13.734385969408233,0.0],[79.32985741640941,13.73467915859789,0.0],[79.33035545093186,13.73489437898599,0.0],[79.33100570348256,13.735173650047573,0.0],[79.33178956587105,13.73552604966654,0.0],[79.33195559375667,13.735594793440615,0.0],[79.33303931705146,13.736043684782672,0.0],[79.33412765120535,13.736519815857402,0.0],[79.33523872694826,13.737036611975196,0.0],[79.33605472140066,13.737429886809926,0.0],[79.33682017972198,13.737773010377818,0.0],[79.33742437949029,13.738020460486448,0.0],[79.33805613744315,13.738290633422,0.0],[79.33869705148489,13.738587888660545,0.0],[79.3392966164656,13.738835310215336,0.0],[79.33992860470912,13.739078340237862,0.0],[79.34056947756176,13.739366603861818,0.0],[79.34127968534823,13.739677870327483,0.0],[79.341736230098,13.739879160859726,0.0],[79.34205440281544,13.74001202498016,0.0],[79.34257088542026,13.740240813877213,0.0],[79.34299039201564,13.740442022555639,0.0],[79.34369126278504,13.740766757929313,0.0],[79.34454913078874,13.741110445921715,0.0],[79.34494112739395,13.74127985093202,0.0],[79.34558664827554,13.741590713066628,0.0],[79.34617682664897,13.741865110373949,0.0],[79.34685912325698,13.742194286024725,0.0],[79.34749089736749,13.742468957660073,0.0],[79.3478640998795,13.74268791416762,0.0],[79.3485097399196,13.742976166960403,0.0],[79.3491924607896,13.74323753859088,0.0],[79.34961190089888,13.74345679057555,0.0],[79.35027103314077,13.743799368641106,0.0],[79.35099958444255,13.744128734072241,0.0],[79.3516959563663,13.744430816408068,0.0],[79.35241515126847,13.744796344642515,0.0],[79.35311614322892,13.745084917033928,0.0],[79.35358667085565,13.745281789703053,0.0],[79.35439825084876,13.74564781306896,0.0],[79.35492856566697,13.745885698823713,0.0],[79.3555600694185,13.746205533153894,0.0],[79.35622413370471,13.746511897042147,0.0],[79.35680040714774,13.746790731228284,0.0],[79.35739977898808,13.747074203211866,0.0],[79.35795298991701,13.747361914363497,0.0],[79.35881997836375,13.747737238309753,0.0],[79.3594148299573,13.7480162354932,0.0],[79.36031384237012,13.748454950740626,0.0],[79.3610146387528,13.748793223217724,0.0],[79.36154953640302,13.749049166688316,0.0],[79.36256840714209,13.749551839005456,0.0],[79.36320929125768,13.749858161821408,0.0],[79.36399283121919,13.750296256330362,0.0],[79.3646979463026,13.750688713679763,0.0],[79.36518680793195,13.750903782890926,0.0],[79.36550946266782,13.751081817045437,0.0],[79.36577227724767,13.75120976064188,0.0],[79.36675729522382,13.751974367496885,0.0],[79.36822588238778,13.753080523355845,0.0],[79.36973121975643,13.754236563832617,0.0],[79.37199665774683,13.75589834548114,0.0],[79.37244709414396,13.756361816175357,0.0],[79.37361605029142,13.756508207463467,0.0],[79.3740651275959,13.756393076108544,0.0],[79.37439397908848,13.756295392728303,0.0],[79.37488312168911,13.756456250772985,0.0],[79.37557082726337,13.756667793157671,0.0],[79.37605527997471,13.756860211096862,0.0],[79.37656794518097,13.756953367816223,0.0],[79.37708479371038,13.757127861566557,0.0],[79.37739428792987,13.75718374387238,0.0],[79.37828044986358,13.757450675998104,0.0],[79.37902362703882,13.757676055575006,0.0],[79.37935102783847,13.757817961428653,0.0],[79.38001155595069,13.757943506569116,0.0],[79.38073672916468,13.758064880188366,0.0],[79.38147527127775,13.758290227585658,0.0],[79.38221842468772,13.75850215875175,0.0],[79.38266124590876,13.758685301100906,0.0],[79.38383263332959,13.759229331495524,0.0],[79.38463997594629,13.759540906619206,0.0],[79.38529085757371,13.759729738858557,0.0],[79.38635232034076,13.760087857945832,0.0],[79.38699850424163,13.760290186841303,0.0],[79.38791254744126,13.760539028657913,0.0],[79.38879457437608,13.760742622425413,0.0],[79.3893068302603,13.760912514886378,0.0],[79.39002706442996,13.761106158247618,0.0],[79.39147795217526,13.761258498472397,0.0],[79.39238348101101,13.761398818586336,0.0],[79.39293348112105,13.7614333530488,0.0],[79.39346925447764,13.76153562409302,0.0],[79.39412476719212,13.761710822951482,0.0],[79.39454523486943,13.761767316137274,0.0],[79.39496578263636,13.761805656447702,0.0],[79.39590855018034,13.761882940149015,0.0],[79.3975951956126,13.76205907755914,0.0],[79.39813596819235,13.76210253980714,0.0],[79.39860724739748,13.762154786109239,0.0],[79.39900937922106,13.76217951457155,0.0],[79.3997165803493,13.762214859177814,0.0],[79.40128446284801,13.762137145751439,0.0],[79.40279643264873,13.762127073958895,0.0],[79.40381322891335,13.762200165456907,0.0],[79.4053616514088,13.76228506177127,0.0],[79.40567116829806,13.762340974055595,0.0],[79.40634592831437,13.7623851394408,0.0],[79.40731646860354,13.762462462089431,0.0],[79.40818942616774,13.762625239407715,0.0],[79.40867001555455,13.76267295308327,0.0],[79.409173572061,13.76275688185216,0.0],[79.40966316168813,13.762849827698991,0.0],[79.41024051142622,13.762961282140926,0.0],[79.41065162804533,13.763035752443812,0.0],[79.41123788272569,13.763215038193687,0.0],[79.41178277290756,13.763339968934778,0.0],[79.41272477710876,13.763557275612152,0.0],[79.41377252805175,13.763888093890108,0.0],[79.4142710098719,13.764053306793505,0.0],[79.41475607670019,13.764141770017892,0.0],[79.41479879066569,13.764147794768492,0.0],[79.4152549633227,13.76421213558381,0.0],[79.41572606579717,13.76430943346648,0.0],[79.41607692486473,13.764406152926743,0.0],[79.41677885093637,13.764572544438836,0.0],[79.41724059406543,13.764687860060729,0.0],[79.41755882144341,13.764838629128109,0.0],[79.41785872177162,13.764953199858954,0.0],[79.41828749137456,13.76518137897232,0.0],[79.41914884556404,13.765791408360057,0.0],[79.41948892859563,13.766177333673456,0.0],[79.41960341455265,13.76637683557098,0.0],[79.4197689567478,13.766558388973056,0.0],[79.42006718079479,13.766984808135428,0.0],[79.42022823184602,13.767130220255591,0.0],[79.42033324624626,13.767374792427422,0.0],[79.42066619932126,13.768221670443406,0.0],[79.42085788545799,13.76867915611491,0.0],[79.42125917036395,13.769729709890177,0.0],[79.42139112080407,13.770128143161463,0.0],[79.42162597797635,13.77116423632275,0.0],[79.421729847158,13.77161674438931,0.0],[79.42181053784172,13.772082683639743,0.0],[79.42182628018409,13.772602457589663,0.0],[79.42175485929256,13.77298174481585,0.0],[79.42164164715943,13.7734059748631,0.0],[79.42156012834093,13.773934347048796,0.0],[79.42148298515701,13.77452600047296,0.0],[79.42140665356654,13.774968532948828,0.0],[79.42122394200918,13.775401471759336,0.0],[79.42102650642894,13.776001540203325,0.0],[79.42057549044597,13.777323442433413,0.0],[79.42040668229966,13.777760976400396,0.0],[79.41993505816711,13.777753998383714,0.0],[79.41890830317102,13.777789350920658,0.0],[79.41836713904974,13.777822751589008,0.0],[79.41812209682247,13.777816953074902,0.0],[79.41779331821564,13.777914651996202,0.0],[79.41748737809917,13.778057733833103,0.0],[79.41716113790011,13.778521496781677,0.0],[79.41693219862634,13.778967772625943,0.0],[79.41674514640326,13.779346415226769,0.0],[79.41670613586028,13.77972139117493,0.0],[79.41663298667422,13.780416994934448,0.0],[79.41655661700892,13.780864069737541,0.0],[79.41652702647093,13.781207317659367,0.0],[79.41651587682414,13.78155980693699,0.0],[79.41656433514794,13.78200294094956,0.0],[79.41662695298365,13.782391944979604,0.0],[79.41680046795739,13.782799641979466,0.0],[79.41707570898019,13.783198763940279,0.0],[79.41745688289701,13.7836933465612,0.0],[79.41769560392665,13.78401099461276,0.0],[79.4181234293001,13.784410912861924,0.0],[79.41830767937476,13.784542903988337,0.0],[79.4185566194981,13.784684323230262,0.0],[79.41898586893028,13.78483563540003,0.0],[79.41928545620054,13.785013473279793,0.0],[79.41966406136912,13.785128363871777,0.0],[79.42011222873556,13.78519851244283,0.0],[79.42057966957772,13.78512405501337,0.0],[79.42105619010643,13.785076862373906,0.0],[79.42199141066149,13.78486921387934,0.0],[79.42246858855586,13.784709014680283,0.0],[79.42277857977359,13.784665416058912,0.0],[79.42360710458097,13.784520504981133,0.0],[79.42384311678661,13.7844900416361,0.0],[79.42462422817209,13.784557330222134,0.0],[79.4251273478856,13.784722623599938,0.0],[79.42563035653691,13.78491505480186,0.0],[79.4258888177503,13.785002221338786,0.0],[79.42608794394256,13.784953544927786,0.0],[79.42634724936809,13.78488250700041,0.0],[79.42656996871301,13.78474361076165,0.0],[79.42705691437261,13.784488493252296,0.0],[79.42736340273606,13.784236924471395,0.0],[79.42788848501857,13.783765114862012,0.0],[79.42832036001131,13.783419281026678,0.0],[79.4288031044535,13.783078276871118,0.0],[79.42924798881191,13.782886251011938,0.0],[79.42990047994661,13.782794613855312,0.0],[79.43039062029857,13.78279718405136,0.0],[79.43088035175936,13.782876448685963,0.0],[79.43134198103425,13.783037018378815,0.0],[79.4317297657162,13.783156451087008,0.0],[79.43283705107672,13.783623169988726,0.0],[79.43336306009883,13.783824649859014,0.0],[79.43382497420859,13.783917411129703,0.0],[79.43442544478359,13.784056004918881,0.0],[79.43483635815205,13.784175611110644,0.0],[79.43507212677221,13.784181344930872,0.0],[79.43562243018083,13.784166070693576,0.0],[79.43603408600481,13.78415007047452,0.0],[79.43701981565255,13.78400596891584,0.0],[79.43766760805214,13.783927893718591,0.0],[79.43831097759791,13.783818120259937,0.0],[79.43853275988694,13.783837318008466,0.0],[79.4388105739883,13.78378003563418,0.0],[79.43976405393377,13.783595036165327,0.0],[79.44123636030308,13.783254468915285,0.0],[79.44217579501007,13.783119139763883,0.0],[79.44293908537811,13.783046116126716,0.0],[79.44347132727728,13.782972016036283,0.0],[79.4437024503969,13.782977627027918,0.0],[79.44400793429409,13.782920441572458,0.0],[79.44453057722784,13.782900488450352,0.0],[79.44505285391428,13.78294833381005,0.0],[79.44556569904188,13.783032266571883,0.0],[79.44611514035543,13.783184139974665,0.0],[79.44632769259296,13.783212366781758,0.0],[79.44656770181989,13.783294886621434,0.0],[79.44713081856018,13.78348756341717,0.0],[79.44762915593657,13.783693422317567,0.0],[79.4481693903059,13.783849792078241,0.0],[79.44872339018613,13.784024364760844,0.0],[79.44919412714718,13.784189360081273,0.0],[79.44943872864323,13.78428550777911,0.0],[79.44971586683441,13.784350191881932,0.0],[79.45026094707802,13.784456831993438,0.0],[79.45078743782575,13.784567938452843,0.0],[79.45130484536399,13.784674559105401,0.0],[79.4518729984865,13.784794895920834,0.0],[79.45239031520566,13.784901423445845,0.0],[79.45292606029368,13.7850215413972,0.0],[79.45346162562686,13.785186949865228,0.0],[79.45393737692548,13.78528423775301,0.0],[79.45449149739589,13.785431650347286,0.0],[79.4550039437216,13.785596875924854,0.0],[79.45524853382472,13.785697551492774,0.0],[79.45547883366986,13.7858658851819,0.0],[79.45582827949296,13.786247335581246,0.0],[79.45610830273043,13.786641866304793,0.0],[79.45641117992496,13.787081775603413,0.0],[79.45663158762473,13.787381139575404,0.0],[79.45683918060074,13.78746805941114,0.0],[79.4573791867826,13.787665148754265,0.0],[79.45792409120611,13.787821501252678,0.0],[79.4584505121224,13.78795518049533,0.0],[79.45891632867853,13.788197007773027,0.0],[79.459193120974,13.788329475876944,0.0],[79.45977357502156,13.788752630054683,0.0],[79.46021116043389,13.789066690124892,0.0],[79.46107714796105,13.78971728215209,0.0],[79.46150994176406,13.790094495270061,0.0],[79.46212197970796,13.790662535065216,0.0],[79.46259111585826,13.79115288808346,0.0],[79.46318902112088,13.791775060728572,0.0],[79.46345086343128,13.792124313356894,0.0],[79.46388265037875,13.792668805375659,0.0],[79.46408940273736,13.79292744696115,0.0],[79.46453968028753,13.793494608289436,0.0],[79.46493515331514,13.793921417617543,0.0],[79.46533082704138,13.794321088277798,0.0],[79.46574985622152,13.794662116727487,0.0],[79.46601257854903,13.79483518724362,0.0],[79.46627117154127,13.79489968194343,0.0],[79.46677482161597,13.794974521836297,0.0],[79.46700143227173,13.794975631238941,0.0],[79.46717622936431,13.795166346870676,0.0],[79.46751187075272,13.795529483574956,0.0],[79.46799300330989,13.796386125449558,0.0],[79.46843214607284,13.797319314806712,0.0],[79.46867474671242,13.797799564368324,0.0],[79.46886261084632,13.798143911313087,0.0],[79.46890296475496,13.798397217814626,0.0],[79.46888815124528,13.798577977931702,0.0],[79.46883658300409,13.798704230841512,0.0],[79.4687060343905,13.798911524126137,0.0],[79.46847452925162,13.79897366671332,0.0],[79.46786423580274,13.798947999470807,0.0],[79.46742982121117,13.798882586087212,0.0],[79.46679193862416,13.798834302431358,0.0],[79.46612169516885,13.798772188096615,0.0],[79.46516891091062,13.798808146775448,0.0],[79.46464178343261,13.798796571388829,0.0],[79.46419758509387,13.79883504406036,0.0],[79.46393369982695,13.798887982038028,0.0],[79.46364679925075,13.79893620466498,0.0],[79.46293325181696,13.799190341085469,0.0],[79.4623818717357,13.799395517808229,0.0],[79.46140525766656,13.799562435331751,0.0],[79.46079424707054,13.799672347385087,0.0],[79.46032201007083,13.799778508448457,0.0],[79.4600302807017,13.799849399320413,0.0],[79.45929388833692,13.800076201892288,0.0],[79.45893256159994,13.80017832674558,0.0],[79.45830734809078,13.800355980379498,0.0],[79.45793675456827,13.800476222927585,0.0],[79.45768638205338,13.800610530557005,0.0],[79.45739850301551,13.800835106443449,0.0],[79.4569893030766,13.80125338256454,0.0],[79.45676560038436,13.801595746935636,0.0],[79.4565959587892,13.802196013429803,0.0],[79.45644506978321,13.80275114768656,0.0],[79.45636377794777,13.803275047673566,0.0],[79.45633728427548,13.803916703481208,0.0],[79.45630951432612,13.80481142756554,0.0],[79.45629446672267,13.805918609969297,0.0],[79.45628604236549,13.80664167121522,0.0],[79.45631158146315,13.807066673789222,0.0],[79.45628539404571,13.807654055295254,0.0],[79.45630215114379,13.807997693316446,0.0],[79.45630400298134,13.808517375318077,0.0],[79.45629426656696,13.809502590606575,0.0],[79.45625254479864,13.810401815293565,0.0],[79.45619099029827,13.810677171891207,0.0],[79.4561992333728,13.810871549370281,0.0],[79.45613931504997,13.811720965347291,0.0],[79.45615131834343,13.81296388842788,0.0],[79.45613961784525,13.813433872822278,0.0],[79.45608727531896,13.814599673946011,0.0],[79.45600991616827,13.815254593561086,0.0],[79.45598385071762,13.815810400115353,0.0],[79.45600190245669,13.816791293261833,0.0],[79.45594635359478,13.817685855317247,0.0],[79.45590659015768,13.818205394975195,0.0],[79.4558805452297,13.818779271491714,0.0],[79.45579639300846,13.819836401671962,0.0],[79.45568547546581,13.820708160402587,0.0],[79.45560846809147,13.821272771097972,0.0],[79.45542907941226,13.821981422060244,0.0],[79.45530537807093,13.822631641580474,0.0],[79.45521073193112,13.823051490629894,0.0],[79.45506850747012,13.823710629745491,0.0],[79.4549413688617,13.824148421627253,0.0],[79.45480837771812,13.824821123209452,0.0],[79.45452584967549,13.825768861240253,0.0],[79.4543706817725,13.826269730844619,0.0],[79.45403274365583,13.82720364656724,0.0],[79.45380337144893,13.827722301345508,0.0],[79.45339032276891,13.828877253431774,0.0],[79.4533005088335,13.82924737922646,0.0],[79.4529733289514,13.829901107282245,0.0],[79.45285626326043,13.830185254567175,0.0],[79.45251579681863,13.830721374411885,0.0],[79.45196965382715,13.831676839155614,0.0],[79.45165271061269,13.832136249225405,0.0],[79.4509021436945,13.833262420097869,0.0],[79.45042653680042,13.83399674297302,0.0],[79.44997440345873,13.834667881439707,0.0],[79.44893074313299,13.836108939118116,0.0],[79.44842212988732,13.83696060527835,0.0],[79.44792811840513,13.837667713400386,0.0],[79.44769056224528,13.837969286167793,0.0],[79.44737805390551,13.838473921774016,0.0],[79.44710760102645,13.838892930451616,0.0],[79.44670162512783,13.839559796174866,0.0],[79.44630047427799,13.840204076219397,0.0],[79.44586183169079,13.840929553698142,0.0],[79.4456148675517,13.841280837719575,0.0],[79.44529278044543,13.84183064585491,0.0],[79.44466287815193,13.8428669522351,0.0],[79.44436329410469,13.8435479368938,0.0],[79.44381643985432,13.84462986400467,0.0],[79.4435684744401,13.845157444757755,0.0],[79.44326032357678,13.845702769292817,0.0],[79.44268196132093,13.8465992896387,0.0],[79.44224339058987,13.847320230000129,0.0],[79.44181414075031,13.848009523480073,0.0],[79.44141277738214,13.848694476748955,0.0],[79.44107212882368,13.849253203054905,0.0],[79.44053569364219,13.850091149000564,0.0],[79.44021889124564,13.850518966796477,0.0],[79.4398821984814,13.851222327698606,0.0],[79.4398066563378,13.851497655896841,0.0],[79.43971677264429,13.851872337607922,0.0],[79.43955602867129,13.852535893556402,0.0],[79.43925641680907,13.853212347614152,0.0],[79.43919952837506,13.853469683589882,0.0],[79.43869540070965,13.854330364011707,0.0],[79.43814501344302,13.855186325381984,0.0],[79.4377387247114,13.855907396010219,0.0],[79.43759821169868,13.856232133704694,0.0],[79.4372737837194,13.857224792146999,0.0],[79.43704787135074,13.85796036737877,0.0],[79.436817163448,13.858709453058422,0.0],[79.43657706742161,13.859503714617869,0.0],[79.43638862804477,13.860140119427244,0.0],[79.43575596485087,13.861678120218192,0.0],[79.43546534746213,13.862395292050852,0.0],[79.43498224259804,13.863644726126731,0.0],[79.43464889372915,13.864560558440909,0.0],[79.43444659378103,13.865196824989127,0.0],[79.43448300878234,13.866173303277396,0.0],[79.43440741802152,13.867339002547084,0.0],[79.43430418347545,13.867609602937478,0.0],[79.43421340295883,13.868151527717684,0.0],[79.4341032381508,13.868865151189498,0.0],[79.43398573546196,13.870075817686107,0.0],[79.43386373119174,13.871272943137416,0.0],[79.43376644249327,13.872153766013453,0.0],[79.43370845876832,13.872628006874303,0.0],[79.43371340519712,13.873437147808106,0.0],[79.43375169316555,13.874070106346238,0.0],[79.4336995251431,13.874304866811757,0.0],[79.43377799516219,13.875200187581314,0.0],[79.43383596546006,13.875611697170301,0.0],[79.43389443844484,13.875923883041773,0.0],[79.43393460223672,13.876190783816673,0.0],[79.4339419451597,13.876552433553044,0.0],[79.43391670798611,13.87695000045234,0.0],[79.43392103856976,13.877004218375205,0.0],[79.43395778298111,13.877063194751205,0.0],[79.43423317064526,13.877462303283101,0.0],[79.43459143546126,13.877956794436537,0.0],[79.43479824168783,13.87821999091888,0.0],[79.434991055291,13.878496751092388,0.0],[79.43527564901639,13.87891850225606,0.0],[79.43550063634018,13.879236062618153,0.0],[79.43614808144062,13.880147782441579,0.0],[79.43651996501103,13.880678459873339,0.0],[79.43680464185846,13.881082142575593,0.0],[79.43690083044075,13.881263466416945,0.0],[79.43720409587377,13.881667222492224,0.0],[79.43753937143563,13.882130026131724,0.0],[79.43815486955602,13.882951189325997,0.0],[79.43838005621132,13.883246143336374,0.0],[79.43862347859755,13.883581843070244,0.0],[79.43901857736083,13.884099081591438,0.0],[79.43921120442003,13.884425504329682,0.0],[79.43961967570904,13.88503767435456,0.0],[79.43991635893178,13.885807571862472,0.0],[79.4401948993032,13.886491419225752,0.0],[79.4403637656684,13.886926248883151,0.0],[79.44052308273065,13.887424234719921,0.0],[79.44056829746548,13.887618799946484,0.0],[79.44071005977587,13.887931407682782,0.0],[79.44076469725249,13.888094321921159,0.0],[79.440893017065,13.888330065725258,0.0],[79.4412094400689,13.888864979162099,0.0],[79.4414389388313,13.88920062559249,0.0],[79.44154906162196,13.889386453402146,0.0],[79.44177933359933,13.8895774666833,0.0],[79.44201912128001,13.88973683043016,0.0],[79.44226362787991,13.889855625494963,0.0],[79.44276662142828,13.890106707808803,0.0],[79.44314022029533,13.890325601946989,0.0],[79.44301594977478,13.891079717638911,0.0],[79.44302026564628,13.8911385688388,0.0],[79.44310188792552,13.891455258733025,0.0],[79.44324215668733,13.892048055397682,0.0],[79.44337834818242,13.892546000614459,0.0],[79.44362333143958,13.893469243080618,0.0],[79.44384296380066,13.893926882008444,0.0],[79.44401721328363,13.894230627822445,0.0],[79.44425029409122,13.894765132430967,0.0],[79.44439600532537,13.895208776385175,0.0],[79.4444550953272,13.895421466433687,0.0],[79.44464076010634,13.896168250656668,0.0],[79.44465201205834,13.896674483004604,0.0],[79.44468424521334,13.897578530053265,0.0],[79.44482083222626,13.89800411906661,0.0],[79.44470731318076,13.898473691563984,0.0],[79.44461832802443,13.898667518875662,0.0],[79.44423995542684,13.899357208575356,0.0],[79.44402991235005,13.899699613381749,0.0],[79.44369002809978,13.900109252478554,0.0],[79.4434059994409,13.900451280942594,0.0],[79.44326135694276,13.900685615987793,0.0],[79.44308429604793,13.90091519524717,0.0],[79.44283751153631,13.901216780178702,0.0],[79.44271950182605,13.901645570397305,0.0],[79.44263767673047,13.90225078404839,0.0],[79.44235762735553,13.903582752385015,0.0],[79.44222034816308,13.90417867503895,0.0],[79.4418917251335,13.905062962599915,0.0],[79.4418727507623,13.905157818183625,0.0],[79.44188518685769,13.905438026427396,0.0],[79.4422161252732,13.905841996005545,0.0],[79.44256146703955,13.906155586152863,0.0],[79.44334526527953,13.906697409852889,0.0],[79.44371852091936,13.906970518012168,0.0],[79.4438658824122,13.907111370431474,0.0],[79.44444647821057,13.907566238308616,0.0],[79.44483154981165,13.908241630631588,0.0],[79.44510211046345,13.908708562057862,0.0],[79.44516173716818,13.908812893014016,0.0],[79.44517507572803,13.908916864330083,0.0],[79.44520381981064,13.909604054799088,0.0],[79.445321721403,13.910056598907072,0.0],[79.44540301297592,13.910436635853355,0.0],[79.445543639499,13.910970762364014,0.0],[79.44568515237363,13.911319477957985,0.0],[79.44611043377084,13.912297847860652,0.0],[79.4462241165844,13.912532146051053,0.0],[79.44633473473633,13.912760064761544,0.0],[79.44648645063116,13.912941611826943,0.0],[79.44688603619424,13.913504108750638,0.0],[79.44713893721666,13.913812709448035,0.0],[79.44754366807138,13.914275707833998,0.0],[79.44781045813006,13.914575372917556,0.0],[79.44822944324486,13.914961697798777,0.0],[79.44862098649894,13.915307193017808,0.0],[79.44936742498713,13.915912098671372,0.0],[79.45016043236832,13.91644939541162,0.0],[79.45055240171182,13.916713484687362,0.0],[79.45060293932409,13.91676797603275,0.0],[79.45063040598897,13.916826920445468,0.0],[79.4507035096615,13.917003488583587,0.0],[79.45098209544369,13.917705491315955,0.0],[79.45125634460473,13.918353224726433,0.0],[79.45148081711311,13.9187792134533,0.0],[79.4518308774417,13.919088269886393,0.0],[79.4521214141449,13.919288591965781,0.0],[79.4525403895902,13.91968398959357,0.0],[79.45285821434305,13.91996577320542,0.0],[79.45322178742238,13.920338305334987,0.0],[79.45338721098152,13.920560534781561,0.0],[79.45374992166714,13.921104724749894,0.0],[79.45401117035033,13.921589690927046,0.0],[79.45420332543952,13.922010925195446,0.0],[79.45461126945608,13.922754236007764,0.0],[79.45493668430947,13.923352494439133,0.0],[79.4552120250134,13.923778766443384,0.0],[79.4552618129976,13.924000513731084,0.0],[79.45538307120819,13.924697160613691,0.0],[79.45549395627938,13.925619781990632,0.0],[79.45537573183663,13.926107316151949,0.0],[79.4552001140954,13.92695621674598,0.0],[79.45507230345875,13.927493386783173,0.0],[79.45501554188763,13.927741704455691,0.0],[79.45480391169727,13.928386978465724,0.0],[79.45469045673117,13.928842935150358,0.0],[79.45466649616046,13.929001025904562,0.0],[79.45462340315996,13.929272006379662,0.0],[79.45459362243808,13.929656089398847,0.0],[79.45458145694111,13.930216491374551,0.0],[79.45463956531812,13.93061452839714,0.0],[79.45478496943231,13.931130533037377,0.0],[79.45503768430409,13.931475320311328,0.0],[79.45541968780523,13.93187494315204,0.0],[79.45573352654282,13.932021142764391,0.0],[79.45634337571273,13.932214039864455,0.0],[79.45689894977441,13.932167095387321,0.0],[79.4569728261722,13.932199063471305,0.0],[79.45711524515013,13.932389654887421,0.0],[79.45711020178138,13.932466457702098,0.0],[79.45709146983748,13.932525138847696,0.0],[79.45694160954245,13.932854290967972,0.0],[79.45693607319679,13.938364041840531,0.0],[79.45686432102022,13.938806638354986,0.0],[79.45674447154164,13.939610696355194,0.0],[79.45668132964109,13.94017986704369,0.0],[79.45662339290357,13.940631508592222,0.0],[79.45665830920454,13.941042998692952,0.0],[79.45668987568135,13.942091768483955,0.0],[79.45672837401672,13.942679623750726,0.0],[79.45676136520807,13.94346169964214,0.0],[79.45680990003616,13.943909386763682,0.0],[79.45695214647363,13.944158736781825,0.0],[79.45723685758765,13.944566903063587,0.0],[79.45757732171741,13.944948307080859,0.0],[79.45811544367199,13.945592800135334,0.0],[79.45851551361713,13.94609202561165,0.0],[79.45871704462832,13.946481716353892,0.0],[79.45886359422103,13.94678529699209,0.0],[79.45884474967586,13.946848429080623,0.0],[79.45856444903973,13.947362359619982,0.0],[79.45819019198751,13.94812439249966,0.0],[79.4577926196365,13.94892693015002,0.0],[79.4575493157385,13.949441000870717,0.0],[79.45742709566464,13.949806461059035,0.0],[79.45730452281059,13.950226315988784,0.0],[79.45722412738725,13.950560376934696,0.0],[79.45690570884373,13.951281940857898,0.0],[79.45675098321817,13.951660856119425,0.0],[79.45647430418191,13.95236005676699,0.0],[79.45642758619023,13.952441248368482,0.0],[79.45638110333996,13.952486205821009,0.0],[79.45629283819216,13.95253999690444,0.0],[79.45591711555015,13.95270086166125,0.0],[79.45451288573985,13.953082601785795,0.0],[79.45364151474463,13.95332676955932,0.0],[79.45319654981805,13.953455671641532,0.0],[79.45309465721041,13.953486797494666,0.0],[79.4527288119503,13.95351211015268,0.0],[79.45262233171788,13.953516065976755,0.0],[79.4525757836309,13.95356556443531,0.0],[79.45253377648977,13.953642230607755,0.0],[79.45233213557607,13.954147465651701,0.0],[79.45219571758658,13.954571583408356,0.0],[79.45207763722696,13.955014022349093,0.0],[79.45190183672615,13.95589450143202,0.0],[79.45184604884747,13.956156860431388,0.0],[79.45174517023356,13.956639562233367,0.0],[79.45163129335567,13.957181368807591,0.0],[79.45151775800791,13.95763726890164,0.0],[79.45133699189653,13.958572040464146,0.0],[79.45118039545933,13.959321557366607,0.0],[79.45107412976098,13.960157267185036,0.0],[79.45109497877229,13.96059579030203,0.0],[79.45116736328654,13.96091250369911,0.0],[79.45148684499739,13.961782026989333,0.0],[79.45175232143905,13.962343807474129,0.0],[79.45206745017093,13.963140893214467,0.0],[79.45209018679115,13.963222348815572,0.0],[79.45207130165136,13.963294565068379,0.0],[79.4519160248856,13.963782008708874,0.0],[79.45174184272243,13.964346164472728,0.0],[79.4516897256329,13.96456732543116,0.0],[79.45168486022116,13.964621523357971,0.0],[79.45153807898872,13.965240046303782,0.0],[79.45130209848212,13.9661203208917,0.0],[79.4510660753775,13.966986975995184,0.0],[79.4509010568522,13.967560116013722,0.0],[79.45065597068893,13.96841320823116,0.0],[79.45044274162382,13.96935682930444,0.0],[79.4502817226988,13.970056629724349,0.0],[79.45013015256133,13.970706746256562,0.0],[79.44997925487931,13.97123481014123,0.0],[79.44988471031498,13.971623050848711,0.0],[79.4498843651794,13.971686348562582,0.0],[79.4499116591043,13.971767914697661,0.0],[79.45003433259905,13.972206931615014,0.0],[79.45028037333734,13.972958464415758,0.0],[79.45051726269556,13.973673816210965,0.0],[79.45082245945538,13.97461102246351,0.0],[79.45112373507563,13.975412536419832,0.0],[79.45130943644901,13.976186456206266,0.0],[79.45155994168216,13.97696516645746,0.0],[79.45186515135052,13.977902287624774,0.0],[79.45213827291471,13.97877154026751,0.0],[79.45245298890502,13.979659025024377,0.0],[79.4527722689236,13.980569142183779,0.0],[79.45289517591677,13.980953949609352,0.0],[79.45312286675866,13.981673821251965,0.0],[79.45335054230281,13.982398144030729,0.0],[79.45355531467689,13.983059080104377,0.0],[79.45391043077713,13.98419992882142,0.0],[79.4541787306285,13.98511885272056,0.0],[79.4544656130979,13.986019774934922,0.0],[79.45474799618735,13.986907059937302,0.0],[79.45497988527553,13.987699248851685,0.0],[79.4550159631667,13.987889290073657,0.0],[79.4550064660702,13.98793893327651,0.0],[79.45494097366695,13.988060657164654,0.0],[79.45473049929532,13.988484538018483,0.0],[79.45458044802962,13.988845346266752,0.0],[79.45404292406064,13.989841614293152,0.0],[79.45361739442693,13.9906802786102,0.0],[79.45343944705512,13.991049974423929,0.0],[79.45318720656067,13.991496220988951,0.0],[79.45272838210563,13.992483798761638,0.0],[79.45250394317132,13.992907629731464,0.0],[79.45227532577147,13.993259059075992,0.0],[79.45223803636948,13.993304056325007,0.0],[79.45211267188547,13.993371242703379,0.0],[79.45141122103892,13.993855839273778,0.0],[79.45054260318102,13.994416586714152,0.0],[79.45018053002264,13.994622691783965,0.0],[79.44942816994181,13.995089013080563,0.0],[79.44857821086916,13.99563161225265,0.0],[79.44720800402969,13.99650617129809,0.0],[79.44695750343281,13.996604390368825,0.0],[79.44600595235707,13.997101358168013,0.0],[79.44510098741652,13.997530745579096,0.0],[79.44417385877428,13.997792747572054,0.0],[79.44326067567242,13.998032182045003,0.0],[79.44279702846738,13.998165448279094,0.0],[79.44275050824612,13.998214949180062,0.0],[79.44273161339976,13.998287171457555,0.0],[79.44260385310525,13.998806366659096,0.0],[79.44224468263889,14.00019675426883,0.0],[79.44192488594632,14.001203326132549,0.0],[79.44190289291299,14.001795109285446,0.0],[79.44165792910938,14.002612032415144,0.0],[79.44125405545361,14.003690278358745,0.0],[79.4408932444979,14.004515656731174,0.0],[79.440487176762,14.005146404985105,0.0],[79.43982067266295,14.006001934598537,0.0],[79.43968427528476,14.006398945786898,0.0],[79.43958423409345,14.006936333017183,0.0],[79.4394580060448,14.008034101911667,0.0],[79.43936076963448,14.008910554004592,0.0],[79.43905128690604,14.010545307110483,0.0],[79.4388882415889,14.011602163077011,0.0],[79.43860688381415,14.013146573681276,0.0],[79.438553601036,14.013598320981233,0.0],[79.43839378662113,14.014921957004546,0.0],[79.43827882164088,14.015649127679765,0.0],[79.43806876421046,14.01683687924221,0.0],[79.43792457755359,14.017839601904397,0.0],[79.43758773268661,14.01936574823265,0.0],[79.43732294443332,14.020422050930202,0.0],[79.43712261734582,14.02152402274959,0.0],[79.43689949549753,14.022557968293222,0.0],[79.43675222074037,14.024130285490648,0.0],[79.43678832018936,14.02431126833711,0.0],[79.43720482457253,14.025208381221248,0.0],[79.43777779800048,14.02629157921749,0.0],[79.43874030114655,14.028140721141607,0.0],[79.43938643807103,14.029391517131653,0.0],[79.44014638376386,14.03100453590838,0.0],[79.44067797277897,14.032037803370175,0.0],[79.44078782142539,14.032273482777967,0.0],[79.44129770592852,14.033912335567791,0.0],[79.44215906163406,14.036502207375515,0.0],[79.44253823342848,14.037480487213722,0.0],[79.44313424233191,14.03945886322588,0.0],[79.44345773772656,14.040450377272766,0.0],[79.4433730110942,14.042479555925851,0.0],[79.44334612873656,14.04318005816213,0.0],[79.44319810754543,14.04577845307415,0.0],[79.44305871485986,14.048507977186587,0.0],[79.4429432914354,14.05106125548697,0.0],[79.44280195104865,14.054143397469458,0.0],[79.44277362769671,14.055992104300566,0.0],[79.44275789011573,14.056340043918881,0.0],[79.44270726157723,14.058043971041293,0.0],[79.44259845696709,14.06110808665506,0.0],[79.44308172010636,14.06165298596173,0.0],[79.44395691934913,14.062525325856635,0.0],[79.4458820740002,14.064510300841487,0.0],[79.44631931402441,14.06500523783149,0.0],[79.44631498243614,14.065827870386803,0.0],[79.44633044087763,14.067283558191143,0.0],[79.44818973556215,14.068590146745153,0.0],[79.44997379142785,14.070127031892383,0.0],[79.45004637502016,14.070407599192487,0.0],[79.45025537113376,14.071181637799919,0.0],[79.45054266018177,14.07201929302907,0.0],[79.45126818960702,14.074070630927299,0.0],[79.45175856297804,14.075935402685808,0.0],[79.45203010032407,14.077134652667324,0.0],[79.45197847997368,14.078155991434219,0.0],[79.45181532841207,14.080121503353375,0.0],[79.4517507073937,14.080971059057907,0.0],[79.45137875297463,14.083016873031815,0.0],[79.45103228617162,14.084619880145313,0.0],[79.45058031911474,14.08602344862381,0.0],[79.45033972850004,14.086863038283305,0.0],[79.45021733156666,14.088123604138698,0.0],[79.45006426996342,14.089044929284407,0.0],[79.45020493285222,14.089597174005693,0.0],[79.45103967374015,14.090261255550354,0.0],[79.45158756358613,14.09087882188296,0.0],[79.45229548178035,14.09189944494456,0.0],[79.4528470114452,14.092693267017045,0.0],[79.45320316434284,14.093666862963248,0.0],[79.45364536061676,14.09500708420692,0.0],[79.45382148002079,14.095871351017037,0.0],[79.45398281347184,14.097788859327562,0.0],[79.45420743468263,14.099991338421974,0.0],[79.45423415116363,14.101094439768538,0.0],[79.45418263789952,14.101198176737727,0.0],[79.45316977675482,14.10181694068486,0.0],[79.45216964972695,14.102648243661143,0.0],[79.45177303413139,14.103206739019852,0.0],[79.45147608825427,14.104190699814323,0.0],[79.45093033522667,14.105801767302392,0.0],[79.45052232742901,14.107648577667211,0.0],[79.44960561878169,14.10846220591321,0.0],[79.44886919683002,14.109349016628085,0.0],[79.44874666710771,14.109750658970086,0.0],[79.44848406575574,14.11035509292108,0.0],[79.44822849177969,14.111389011636067,0.0],[79.44800419422403,14.111772096401996,0.0],[79.44716071195948,14.112757890897047,0.0],[79.44557964521084,14.114811192890734,0.0],[79.4450275693611,14.11586169904999,0.0],[79.44474064549965,14.116696538148759,0.0],[79.44463605311434,14.117193286398363,0.0],[79.44445393466061,14.11835406035988,0.0],[79.44423174664458,14.120088792030609,0.0],[79.44394467016619,14.120946262478588,0.0],[79.44319319995526,14.122904243319741,0.0],[79.44242715536099,14.124984375445242,0.0],[79.4418993008554,14.126704009983587,0.0],[79.4417748958571,14.12744477939648,0.0],[79.44142513475741,14.128772021437687,0.0],[79.44146191056156,14.12968981529219,0.0],[79.44135292145566,14.130163939303893,0.0],[79.44105696471487,14.130939986032677,0.0],[79.44088710969868,14.131522222945739,0.0],[79.44073467408946,14.132308049692655,0.0],[79.4407676763141,14.13307665037939,0.0],[79.44083836044413,14.133737005307283,0.0],[79.44022354731406,14.134366678548437,0.0],[79.43943991476999,14.135388975781215,0.0],[79.4392983557047,14.135867386956878,0.0],[79.43884156609062,14.137275466686104,0.0],[79.4386256598074,14.137798792671749,0.0],[79.43816801738853,14.139378598078915,0.0],[79.43793163519732,14.140263467591605,0.0],[79.43798875015739,14.14084682614952,0.0],[79.43807125502043,14.141905027643462,0.0],[79.437946607465,14.143540842866075,0.0],[79.43776680509436,14.145126660424795,0.0],[79.43753720463627,14.146490678891391,0.0],[79.43739622145081,14.147746650834794,0.0],[79.43726422939247,14.149034281751428,0.0],[79.43705948811197,14.15007748759613,0.0],[79.4365601090388,14.151648094846351,0.0],[79.43626241204856,14.152740556024037,0.0],[79.43601221393945,14.153625311058512,0.0],[79.4357914673975,14.15418471048802,0.0],[79.4356637773449,14.154667786321959,0.0],[79.43562460224324,14.155069884934628,0.0],[79.43547925186078,14.156271622384672,0.0],[79.43532723837808,14.15784851537911,0.0],[79.43505742991526,14.159786504579374,0.0],[79.43479170234691,14.16097851908912,0.0],[79.43448278246795,14.16243705669177,0.0],[79.43424095630817,14.163475609596942,0.0],[79.43369115280773,14.164923855426894,0.0],[79.43340755986453,14.165971246099048,0.0],[79.4331547684772,14.167339609433832,0.0],[79.43300341324182,14.16792201515883,0.0],[79.43250391395019,14.169483600621604,0.0],[79.43196635786916,14.171248402890713,0.0],[79.43154110543445,14.172787755830655,0.0],[79.43112199209546,14.174055896462434,0.0],[79.43074979173109,14.175215820222405,0.0],[79.4302234308762,14.17660539996476,0.0],[79.42992843440724,14.177178074116307,0.0],[79.4291693524886,14.178760927669781,0.0],[79.42879825595637,14.17972640505212,0.0],[79.42832303630152,14.181071125881873,0.0],[79.42824133945284,14.18161311643353,0.0],[79.42808540207001,14.183031801351017,0.0],[79.42806201937573,14.184803778097635,0.0],[79.42805483243698,14.18507563496964,0.0],[79.42928424706872,14.184990802766336,0.0],[79.43151353344136,14.184875637104206,0.0],[79.43245471758792,14.184758386443004,0.0],[79.43325193002445,14.184703627661815,0.0],[79.43648799000161,14.184349248415764,0.0],[79.43695590745008,14.184351706916425,0.0],[79.44072529503666,14.18389616971367,0.0],[79.44123966648398,14.183880620266523,0.0],[79.44229178308304,14.183827161299085,0.0],[79.44513420208705,14.183425634608929,0.0],[79.44575995761011,14.183365424731106,0.0],[79.44658933070507,14.183369601401745,0.0],[79.44954209203163,14.183108624100377,0.0],[79.45063599689124,14.183037270680344,0.0],[79.45416887315942,14.1825937533943,0.0],[79.45516975762368,14.182585261110109,0.0],[79.4565004604292,14.18240652835741,0.0],[79.45904580106007,14.182098209031512,0.0],[79.46008000586144,14.1819044323099,0.0],[79.4609278518084,14.181922225199193,0.0],[79.46351985369888,14.181537307158774,0.0],[79.46453931704401,14.181515096854131,0.0],[79.4655872116988,14.181366583742122,0.0],[79.46799248435354,14.181238239830677,0.0],[79.46912382172016,14.181090099445761,0.0],[79.47054631309143,14.181083592465354,0.0],[79.47254470366674,14.18079947579913,0.0],[79.4734343890974,14.180785816499666,0.0],[79.47487591866397,14.180670746983528,0.0],[79.47716994094253,14.180573468328612,0.0],[79.4777682308507,14.180454318676212,0.0],[79.47851956498175,14.180304278715875,0.0],[79.47940903372253,14.180322205125707,0.0],[79.48181527798191,14.180026433668253,0.0],[79.4825200550635,14.179921367790195,0.0],[79.48305297386821,14.179896830982106,0.0],[79.48375757846861,14.179837011110195,0.0],[79.48477721187469,14.179765044393706,0.0],[79.48650598662537,14.179664966574526,0.0],[79.48722344616814,14.179803998941932,0.0],[79.48753733719767,14.180022471201978,0.0],[79.48810196728489,14.180160866033413,0.0],[79.4888192043473,14.180336054748402,0.0],[79.4894954670109,14.18038451571984,0.0],[79.49041836364225,14.18020366877559,0.0],[79.49122629746613,14.17985493816144,0.0],[79.4918392953603,14.179582123430235,0.0],[79.49218387045256,14.179235666883843,0.0],[79.49322268795785,14.178124073785652,0.0],[79.49390133864765,14.177697912124371,0.0],[79.49468610928244,14.17733545420912,0.0],[79.49539126446567,14.177171626065602,0.0],[79.49643956564023,14.176918939602357,0.0],[79.49786313339236,14.17668154295317,0.0],[79.49858592490892,14.17668505040592,0.0],[79.50059067774042,14.176974952957787,0.0],[79.50297049759752,14.176384963239702,0.0],[79.50494666563053,14.175897143946678,0.0],[79.5062991034341,14.17504915021102,0.0],[79.50742250254747,14.174620447855016,0.0],[79.50957904687206,14.174178617414261,0.0],[79.51080709327992,14.174121166724003,0.0],[79.5118879234467,14.173873114876198,0.0],[79.51252372317768,14.17397957627211,0.0],[79.51313783919258,14.174082417062417,0.0],[79.51425966004064,14.173961065434305,0.0],[79.5171285466393,14.173752952350757,0.0],[79.51869486334164,14.173688023009953,0.0],[79.52015863756446,14.173758130646656,0.0],[79.52207495282465,14.173179286739181,0.0],[79.5233729726316,14.173027278562456,0.0],[79.52409624607101,14.172940155626808,0.0],[79.52634518657601,14.172525730706782,0.0],[79.52888535964814,14.172293319002973,0.0],[79.5304920409509,14.171554886055581,0.0],[79.5324530667919,14.170320811545308,0.0],[79.53399951380281,14.168601060966562,0.0],[79.53540443416692,14.167414141244807,0.0],[79.53660463891613,14.166393476166824,0.0],[79.53907329224083,14.164619216084038,0.0],[79.54094416473302,14.162860198826131,0.0],[79.542248351385,14.161406041743165,0.0],[79.54323060378088,14.161378890055893,0.0],[79.54412102029441,14.16118852109478,0.0],[79.54443650427125,14.161108645268351,0.0],[79.5465886825656,14.160562407227383,0.0],[79.54763497286278,14.159748813756542,0.0],[79.5491575535715,14.158142004481576,0.0],[79.55160306007978,14.156317704686149,0.0],[79.55278074315194,14.156115090954485,0.0],[79.55604094219676,14.155388417639374,0.0],[79.55914532183358,14.154312918675112,0.0],[79.56226305455633,14.153327897895108,0.0],[79.56469999604948,14.152303507718182,0.0],[79.56625564662343,14.151519406888388,0.0],[79.567272656702,14.150986004610592,0.0],[79.56891066922928,14.150414649742117,0.0],[79.57059882406467,14.14976392313442,0.0],[79.571371113347,14.149286373853869,0.0],[79.57404432349543,14.147241351923368,0.0],[79.57582846623548,14.147118118045933,0.0],[79.57758519106908,14.146886294088102,0.0],[79.5806307879076,14.1464656576866,0.0],[79.58235714446184,14.145772571435378,0.0],[79.5847332009466,14.143848174185761,0.0],[79.58710048384354,14.142809698666229,0.0],[79.58843853371587,14.141947618925919,0.0],[79.59020901685237,14.139722140871228,0.0],[79.59174141112197,14.138032872327067,0.0],[79.59217367065695,14.137556352180278,0.0],[79.59254130821991,14.137191773627,0.0],[79.59362477609281,14.136278970413064,0.0],[79.59555039272931,14.135545782571837,0.0],[79.59731941382134,14.134644684613283,0.0],[79.59885584157487,14.132911032097633,0.0],[79.59968954596135,14.13189756041157,0.0],[79.59990521258784,14.13130613239693,0.0],[79.60010984165233,14.130122653358654,0.0],[79.6002982458032,14.128401356449869,0.0],[79.60035309936153,14.127529017651051,0.0],[79.59999879992965,14.12597704085622,0.0],[79.59960082946105,14.12279746605336,0.0],[79.59933313224106,14.120540719845648,0.0],[79.59944615960175,14.120120742760372,0.0],[79.60258993784664,14.11835322392757,0.0],[79.60382927626748,14.118810527995256,0.0],[79.60484898421065,14.118629521039203,0.0],[79.60568478317414,14.118171992431972,0.0],[79.60659184890393,14.117303451754069,0.0],[79.60683025332361,14.116816308396189,0.0],[79.60738475171446,14.1150376433341,0.0],[79.6087355117434,14.11542761014398,0.0],[79.60985301398355,14.115152074320012,0.0],[79.61111252939732,14.115220697958742,0.0],[79.61145476869163,14.115339544351427,0.0],[79.61371898195806,14.114458705935917,0.0],[79.61402159222098,14.114103008861676,0.0],[79.61450275839042,14.113178144385945,0.0],[79.61506002818967,14.112832482097106,0.0],[79.61582446428115,14.112804078682325,0.0],[79.61606678218163,14.11284084579428,0.0],[79.61784719217692,14.11311097554871,0.0],[79.61898591671014,14.113260433288165,0.0],[79.61986782655856,14.112830115952804,0.0],[79.62295776948343,14.110609972407223,0.0],[79.62423045763455,14.110818608863235,0.0],[79.62623168935613,14.110741209874753,0.0],[79.62766848303514,14.110507611605092,0.0],[79.62835216819815,14.109868503294635,0.0],[79.63053371498216,14.10665906201836,0.0],[79.63082511748189,14.106746204661057,0.0],[79.63237937534736,14.107195602803113,0.0],[79.63578620860082,14.109804374653816,0.0],[79.63679170286903,14.110771472332218,0.0],[79.63697310999413,14.111662636558647,0.0],[79.63937704226115,14.112725711252326,0.0],[79.64116683367841,14.113347864482943,0.0],[79.64160925938722,14.113860459829827,0.0],[79.6420153032418,14.115299568663886,0.0],[79.64224332042734,14.116145791422552,0.0],[79.6424494011402,14.11669359811365,0.0],[79.64243556642552,14.118831704905027,0.0],[79.64248267867669,14.121878700822592,0.0],[79.64270820935224,14.123294498836449,0.0],[79.64272348690197,14.12404490547108,0.0],[79.64249831137015,14.126869312809578,0.0],[79.64191855312498,14.130284339961987,0.0],[79.64202840693136,14.134909237872387,0.0],[79.64187778332281,14.136549485860941,0.0],[79.64165867095694,14.13795906438168,0.0],[79.64132255123882,14.140715069979821,0.0],[79.63980310918068,14.140717928192117,0.0],[79.63973629622802,14.14440630102316,0.0],[79.63972213599516,14.146616808683186,0.0],[79.64026636555478,14.14933127296237,0.0],[79.64036222743603,14.152880303097238,0.0],[79.6434290001509,14.15288825705963,0.0],[79.64488274339284,14.153102178766623,0.0],[79.64911085395633,14.154543306380742,0.0],[79.64959283615016,14.154504584838474,0.0],[79.65088576811854,14.154396767079344,0.0],[79.65642689662342,14.154292544849705,0.0],[79.65936315162094,14.153395767301312,0.0],[79.65942508544643,14.15079216976019,0.0],[79.66303210078286,14.151204404444504,0.0],[79.66349241723509,14.150803866004795,0.0],[79.66428451832427,14.150816065299448,0.0],[79.66529107308027,14.150517280884044,0.0],[79.66377507187266,14.14635686996759,0.0],[79.66275845407681,14.14465314321431,0.0],[79.66276026038848,14.143116160902084,0.0],[79.6624633128856,14.142097930590166,0.0],[79.66277433541208,14.139762029608013,0.0],[79.6635243995693,14.137631414982465,0.0],[79.66389520033707,14.136502817262157,0.0],[79.66431895512851,14.13373791110712,0.0],[79.66481433629177,14.13156557598441,0.0],[79.66564652837891,14.128630658939972,0.0],[79.66583035669566,14.127880976140188,0.0],[79.66565773304009,14.127043977648238,0.0],[79.66629661811676,14.124912895304844,0.0],[79.66700447529482,14.124011609894863,0.0],[79.6674404156948,14.122752184818477,0.0],[79.66822102543762,14.121051094988262,0.0],[79.66982269340194,14.121296975577827,0.0],[79.67304159983804,14.121354890391666,0.0],[79.67338010834091,14.121270343493508,0.0],[79.67520868297515,14.120400625080883,0.0],[79.67542934276699,14.119678196431131,0.0],[79.67629564901219,14.119649973747961,0.0],[79.6793957582222,14.119295913938966,0.0],[79.68102580185052,14.119388188841107,0.0],[79.68241252270471,14.118946056412891,0.0],[79.68336890938313,14.118402850288659,0.0],[79.68413027185365,14.117976413625946,0.0],[79.68564374419806,14.117132502239484,0.0],[79.6868404901328,14.11666239000139,0.0],[79.68742516999278,14.116429616576182,0.0],[79.68761375471354,14.115616618720471,0.0],[79.6921317266794,14.115127883899047,0.0],[79.69207335449374,14.114671044299378,0.0],[79.69338873422392,14.114667113677394,0.0],[79.69590577898286,14.11417500888463,0.0],[79.69799640253842,14.113749019646457,0.0],[79.69876595387235,14.113589269062533,0.0],[79.70083339811615,14.111996926626093,0.0],[79.70217884974588,14.111418887182461,0.0],[79.70500304904505,14.110552678403156,0.0],[79.70784212418305,14.109415256716643,0.0],[79.70830475535716,14.109552557604609,0.0],[79.70884601682535,14.109703824009102,0.0],[79.70997582253923,14.109789403436983,0.0],[79.71177146873808,14.110148764445812,0.0],[79.71278879549038,14.110563795660042,0.0],[79.71399701637338,14.110726631937972,0.0],[79.71540103247992,14.110560142962509,0.0],[79.71629106638727,14.110369103674689,0.0],[79.71608064343839,14.11206343559827,0.0],[79.71811873873449,14.11319661665085,0.0],[79.7194431163675,14.113291950167715,0.0],[79.72035039362669,14.113417355442053,0.0],[79.72121062271901,14.113746082159599,0.0],[79.7219593201376,14.114173709134102,0.0],[79.72311603441207,14.115669723442867,0.0],[79.72341556459874,14.1160595989154,0.0],[79.72501588193148,14.117842094054126,0.0],[79.72522257679094,14.118294845666634,0.0],[79.72583522391616,14.120353931444683,0.0],[79.72649760295026,14.121567811926385,0.0],[79.7271189513727,14.122587188247968,0.0],[79.72821007879882,14.12549332360162,0.0],[79.72867090566487,14.12568625567718,0.0],[79.73054083187428,14.126469196007298,0.0],[79.73243534670304,14.126489699334005,0.0],[79.73459071637659,14.127288652916347,0.0],[79.73462564079082,14.127862924591618,0.0],[79.73454053277995,14.12830560006429,0.0],[79.73486954476006,14.13068000239516,0.0],[79.73408056017826,14.133502385663158,0.0],[79.73465127598757,14.13568328587198,0.0],[79.73496065697407,14.13592853296393,0.0],[79.73533555971005,14.135993182234692,0.0],[79.7357437854331,14.135868090263045,0.0],[79.736179892978,14.135670815018061,0.0],[79.73649503543284,14.135631229930697,0.0],[79.73671736783963,14.135632088912775,0.0],[79.73699967394592,14.135723550355044,0.0],[79.73724021839826,14.135792221020553,0.0],[79.73740226917313,14.135815410906433,0.0],[79.73764251591527,14.135992474638378,0.0],[79.73778493934678,14.136300468149978,0.0],[79.73906228786285,14.139035429130832,0.0],[79.74006804384585,14.140114913278445,0.0],[79.74001481209494,14.140693316905425,0.0],[79.73992966303811,14.141163178147453,0.0],[79.74140395675983,14.14448201236057,0.0],[79.74221179423894,14.146469386127894,0.0],[79.7425232320405,14.147428882164691,0.0],[79.74287920149462,14.148827047429256,0.0],[79.74303812748167,14.149686422193506,0.0],[79.74341744648036,14.151053016054968,0.0],[79.74383342011832,14.152541706793148,0.0],[79.74445186919026,14.154365679114337,0.0],[79.7446857240641,14.154999495163745,0.0],[79.74522229283693,14.156447885193373,0.0],[79.74649744407445,14.156154183044947,0.0],[79.74680862189001,14.157181389819286,0.0],[79.74749031157026,14.156998490786192,0.0],[79.74857028697605,14.159307849416939,0.0],[79.74881930553778,14.159607041415512,0.0],[79.74949609170996,14.160744103808481,0.0],[79.75021515664582,14.161732223413358,0.0],[79.75109376262357,14.163385291700015,0.0],[79.75165029900172,14.164454092216923,0.0],[79.75234109745288,14.16554147786438,0.0],[79.75305983589242,14.166633546315637,0.0],[79.75428203263229,14.166886595582024,0.0],[79.75562464538919,14.167139837604708,0.0],[79.75674990437592,14.167288480935198,0.0],[79.75818106214959,14.1673975539308,0.0],[79.76004709983852,14.16767988802132,0.0],[79.76123209900658,14.167968891747352,0.0],[79.76139717424489,14.168421494628266,0.0],[79.76193853546405,14.169869976553727,0.0],[79.76215829364396,14.1705850044386,0.0],[79.76245981996337,14.171734236287648,0.0],[79.76265206521806,14.17236780383968,0.0],[79.76299535344867,14.173499118270705,0.0],[79.76354060022807,14.175146529987654,0.0],[79.76416481268768,14.175501296332818,0.0],[79.7652519306686,14.17594359087633,0.0],[79.76621734549849,14.175499444426869,0.0],[79.76686106246068,14.175560454714068,0.0],[79.768213402234,14.175741452836471,0.0],[79.76838623912741,14.176582985922554,0.0],[79.76889564244928,14.176657038469418,0.0],[79.76964094723743,14.176844960098505,0.0],[79.77122815074196,14.177383870738183,0.0],[79.77219904845876,14.177956872405142,0.0],[79.77334549309171,14.178652453205475,0.0],[79.77408631055569,14.178804269474728,0.0],[79.77460875927163,14.179108857587952,0.0],[79.77553747259006,14.179808264050708,0.0],[79.77607345138182,14.18021691386393,0.0],[79.77672378821529,14.18103737593901,0.0],[79.7772807114468,14.182033890177467,0.0],[79.77788772890074,14.183333349639863,0.0],[79.77822286546531,14.18418431522127,0.0],[79.7788119601662,14.184010109016832,0.0],[79.77999475332258,14.183634435917263,0.0],[79.78122402192288,14.183254371366901,0.0],[79.78185939104745,14.183084766746997,0.0],[79.78303277497713,14.182758759962104,0.0],[79.78475803159368,14.182285448604572,0.0],[79.78603374034951,14.181851345995664,0.0],[79.78676644462989,14.181668506053606,0.0],[79.78799337979575,14.181934826812943,0.0],[79.78921955679701,14.182395598275116,0.0],[79.79032987381999,14.182860462579931,0.0],[79.79155608757752,14.183307585065908,0.0],[79.79208353758726,14.183544423418828,0.0],[79.79264351666755,14.183704520416837,0.0],[79.79325032810358,14.183751820981044,0.0],[79.79519634862025,14.18374477008706,0.0],[79.79648459080023,14.18370378467672,0.0],[79.79752787429155,14.18347679885527,0.0],[79.79882512131083,14.183517315744984,0.0],[79.80041404156351,14.183581395120262,0.0],[79.80057141830306,14.184951660343442,0.0],[79.80070572630198,14.18630372485795,0.0],[79.80081274345402,14.187529173668393,0.0],[79.80095189662815,14.188754670909383,0.0],[79.80052537704377,14.188839139899162,0.0],[79.80035612503016,14.189557427031094,0.0],[79.80007134791609,14.190166691340188,0.0],[79.79979590858274,14.190757978439748,0.0],[79.7992318125549,14.191737069430975,0.0],[79.79891948078249,14.192264966102512,0.0],[79.79861661456528,14.192752166559433,0.0],[79.79794594579654,14.19373083767124,0.0],[79.79758234344361,14.19434444755858,0.0],[79.7965851188142,14.195936871352961,0.0],[79.79527138983678,14.197948775599626,0.0],[79.79436208392023,14.199577492366275,0.0],[79.79399391886183,14.200168468442715,0.0],[79.79456262712338,14.200518505155861,0.0],[79.79603275220644,14.201490847269865,0.0],[79.79542475960488,14.201746439426868,0.0],[79.79595152785934,14.202182197742822,0.0],[79.79647819864279,14.202622500045594,0.0],[79.79734159890144,14.20351591998872,0.0],[79.79792675137669,14.203147147295102,0.0],[79.79768694922066,14.204122812134427,0.0],[79.79851666935264,14.205382317453523,0.0],[79.79820896806004,14.205905696456448,0.0],[79.79740637758995,14.207485180748309,0.0],[79.79678621114131,14.208590730090913,0.0],[79.79630939870505,14.209759822904497,0.0],[79.7956519370569,14.210937569267793,0.0],[79.7950498625905,14.210817942882395,0.0],[79.79559861245818,14.21027291183116,0.0],[79.79482029149811,14.210216014009527,0.0],[79.79357396219254,14.210157628690299,0.0],[79.79166031955592,14.210128535958628,0.0],[79.7896767740257,14.210185104792107,0.0],[79.78971883105866,14.211378742683708,0.0],[79.78972841462154,14.212608324393592,0.0],[79.78974472455644,14.213214138171859,0.0],[79.78977011275802,14.215198853590538,0.0],[79.78980945171926,14.21713825325802,0.0],[79.78976999531147,14.217843413946548,0.0],[79.78897358191743,14.217650865546188,0.0],[79.78769005473009,14.217628361600234,0.0],[79.78708725782955,14.217721264739465,0.0],[79.78657212143145,14.217936524823452,0.0],[79.78575415436387,14.21860727667319,0.0],[79.78378385329508,14.220119486047553,0.0],[79.78180349070966,14.221839685220642,0.0],[79.78032112996326,14.22291955148759,0.0],[79.77927721487498,14.22327757730047,0.0],[79.77858644105433,14.223370040274967,0.0],[79.77730705828381,14.223460685760564,0.0],[79.7754574300591,14.22359896867496,0.0],[79.77465976844248,14.223763496784802,0.0],[79.77440732053986,14.224372910452404,0.0],[79.77448924873251,14.226059418168678,0.0],[79.77450119107714,14.227872239233937,0.0],[79.77466988607388,14.228632270289951,0.0],[79.77496950360197,14.23035112647194,0.0],[79.77519659041728,14.231644730266924,0.0],[79.77534977234734,14.232838798835862,0.0],[79.77538496713497,14.23336788098036,0.0],[79.77609507401803,14.23436941684554,0.0],[79.77713234392637,14.235873858832955,0.0],[79.77776816642633,14.236906725145905,0.0],[79.77880108149806,14.238361445075101,0.0],[79.77985240279186,14.239856817374529,0.0],[79.78100138081022,14.241244090919496,0.0],[79.78221531032796,14.24264063881599,0.0],[79.78307839816468,14.243656210224003,0.0],[79.78435722962358,14.245048484434815,0.0],[79.78557599264954,14.246377133910965,0.0],[79.78645301943781,14.247388262976013,0.0],[79.78728382386204,14.248349517064993,0.0],[79.78813327011483,14.249315248777837,0.0],[79.78841835127419,14.249958144052778,0.0],[79.78880793945991,14.251180052018404,0.0],[79.78927923256693,14.252904052422819,0.0],[79.7900472150337,14.254583865445372,0.0],[79.78995715533567,14.255162236670595,0.0],[79.78990955300901,14.255519266803264,0.0],[79.78991763726745,14.255840205030346,0.0],[79.79005081472546,14.256197771340771,0.0],[79.79021696312127,14.256383697095956,0.0],[79.79047386226462,14.257130445736294,0.0],[79.79081197402037,14.25852398669975,0.0],[79.791886071612,14.260182171375922,0.0],[79.792939904395,14.261017590801591,0.0],[79.79363055033711,14.261006305450596,0.0],[79.79575110213281,14.260362447575153,0.0],[79.79610188118356,14.260793122190655,0.0],[79.79714432445472,14.262234187376299,0.0],[79.79855049248943,14.26439079058683,0.0],[79.79986998846373,14.266131174966795,0.0],[79.80019414769284,14.266236237318688,0.0],[79.80111333589208,14.26583240124261,0.0],[79.80304430756821,14.265038651730462,0.0],[79.804734351078,14.26424855279058,0.0],[79.80708016903364,14.262787087168222,0.0],[79.8083234703997,14.262488345060392,0.0],[79.80935684978488,14.262564055322079,0.0],[79.80958908127964,14.262429206637034,0.0],[79.81012233378675,14.26234955885524,0.0],[79.81084145059134,14.262171081644473,0.0],[79.8111804426524,14.261991379302707,0.0],[79.81166822784506,14.261699167028052,0.0],[79.81188197731416,14.26151448374157,0.0],[79.8123009132359,14.261000500328269,0.0],[79.81300035571896,14.259791210275646,0.0],[79.81341521660428,14.25911443795802,0.0],[79.81382465407279,14.258654702486004,0.0],[79.81463275564089,14.25818720410403,0.0],[79.81581659807583,14.25763947103254,0.0],[79.81698178176974,14.257100794251981,0.0],[79.8133403731433,14.251202984485712,0.0],[79.81272710456011,14.250265147434726,0.0],[79.8137216541325,14.249495345609269,0.0],[79.81426547924256,14.249067693584207,0.0],[79.81493122929007,14.24818830929205,0.0],[79.8156442959791,14.247037871779654,0.0],[79.81596608437478,14.24645124637228,0.0],[79.81717105172089,14.245139653257027,0.0],[79.81756669284913,14.244643643801016,0.0],[79.81840377563624,14.243819091345108,0.0],[79.81816456461196,14.243271300104103,0.0],[79.81743125515376,14.242215567760223,0.0],[79.81731097531178,14.240800251010139,0.0],[79.81719277860111,14.238797194857042,0.0],[79.81721835263183,14.238060431592675,0.0],[79.81710652200927,14.23554654405619,0.0],[79.81702729716335,14.234303074238925,0.0],[79.81694604132028,14.233678970220831,0.0],[79.81733700365457,14.231835821686044,0.0],[79.81757722203024,14.230688374711454,0.0],[79.81791043185552,14.229459799911215,0.0],[79.81815553888829,14.228271649475419,0.0],[79.81796504435657,14.227045969633012,0.0],[79.81787475328538,14.226349526894383,0.0],[79.81893343353484,14.225756219491625,0.0],[79.82076635139958,14.225056898196359,0.0],[79.8224557320262,14.22432111773736,0.0],[79.82369948775276,14.223805072803618,0.0],[79.8254304533129,14.223091938928228,0.0],[79.82656267883549,14.22264344211507,0.0],[79.82777458159104,14.221946656265034,0.0],[79.8287175273631,14.221312251969172,0.0],[79.8303468180412,14.220503794674912,0.0],[79.83157182835274,14.220028469013526,0.0],[79.83209653044729,14.219709182611314,0.0],[79.83366226743351,14.218498115073357,0.0],[79.8346796329502,14.217755436419582,0.0],[79.83601453041727,14.217673796821073,0.0],[79.83669146014897,14.217571959140658,0.0],[79.83796174410254,14.217453877414876,0.0],[79.83916693959128,14.21730844968658,0.0],[79.83982984826127,14.217242750204907,0.0],[79.8408054214005,14.216513525454866,0.0],[79.84231566137038,14.215261510022856,0.0],[79.84283139782683,14.21484266781022,0.0],[79.84371492700512,14.213923211910275,0.0],[79.84547619800091,14.212396267230885,0.0],[79.84603409828478,14.211823879245218,0.0],[79.84698649681665,14.211094507390325,0.0],[79.84763734729813,14.210445604402171,0.0],[79.8481816069874,14.209809856435527,0.0],[79.84852167300748,14.209254865556561,0.0],[79.84907667914109,14.208153568203675,0.0],[79.84950682305912,14.20699316413596,0.0],[79.84962677978653,14.205732116001876,0.0],[79.84956376735862,14.205171439869183,0.0],[79.84932219395061,14.203918473609725,0.0],[79.84923144495184,14.203339597316099,0.0],[79.8488827553506,14.202258097450008,0.0],[79.84873656669129,14.201611190153695,0.0],[79.84836532008133,14.200380454669258,0.0],[79.84822821430534,14.199778814668683,0.0],[79.84798934470882,14.199136087438,0.0],[79.8484122979052,14.198739592234155,0.0],[79.84891444375026,14.198239492254011,0.0],[79.84942558166209,14.197775387118742,0.0],[79.84978142324528,14.196641837682483,0.0],[79.84996888736956,14.195991379160054,0.0],[79.85032964694338,14.19478105142902,0.0],[79.85062533842424,14.193615642918173,0.0],[79.85081771531344,14.192892951062186,0.0],[79.85139292105013,14.192677719838827,0.0],[79.85175142704139,14.192158932903999,0.0],[79.85251477620045,14.191071883073148,0.0],[79.85325950605096,14.190052512330352,0.0],[79.853721830401,14.188937350919955,0.0],[79.85425862541689,14.187677780394857,0.0],[79.85507939199749,14.186062011763134,0.0],[79.8554447232275,14.184865159221363,0.0],[79.85590964449092,14.182922729672523,0.0],[79.85648338340513,14.18174008481965,0.0],[79.85681906712267,14.181090156270974,0.0],[79.85743906472077,14.179921280676469,0.0],[79.85695157781782,14.178771491570798,0.0],[79.85618744670717,14.177218612572458,0.0],[79.85592522136363,14.176648245387959,0.0],[79.85718303277,14.1759604357314,0.0],[79.85872856025968,14.17513795894966,0.0],[79.86150907260668,14.173482850440939,0.0],[79.86292150763677,14.17223949241272,0.0],[79.86381368006387,14.171396813812972,0.0],[79.86477045910848,14.170662870441241,0.0],[79.86535510989653,14.170384452491016,0.0],[79.86664828948682,14.170189374391478,0.0],[79.86831648945167,14.170095032023498,0.0],[79.86946150747808,14.169885982134282,0.0],[79.87075130654276,14.169311225700536,0.0],[79.87219521466412,14.16833914506269,0.0],[79.87369105584317,14.16707332907656,0.0],[79.87473098055553,14.166366659914205,0.0],[79.87574232111866,14.165953817888596,0.0],[79.87691065212317,14.165658955347244,0.0],[79.87861675794416,14.165275212382054,0.0],[79.87923815717376,14.16508718523155,0.0],[79.88037543894218,14.164389917987961,0.0],[79.88145688501885,14.163742120047043,0.0],[79.88306301369782,14.162720739228803,0.0],[79.88410245785957,14.162158666675841,0.0],[79.88577773642946,14.161250440632475,0.0],[79.88682168396322,14.160733696082128,0.0],[79.88742944046287,14.160450671558209,0.0],[79.88783838835403,14.160040465621346,0.0],[79.88808546833258,14.159543902865588,0.0],[79.8884345379252,14.159016071546967,0.0],[79.88893142143522,14.15867843963614,0.0],[79.88947381715526,14.158481134041345,0.0],[79.89010422059694,14.158388022116258,0.0],[79.8907853056626,14.158380994546558,0.0],[79.89202210197107,14.158411720404041,0.0],[79.89267068244692,14.158413564170871,0.0],[79.89398598476456,14.158557548261934,0.0],[79.89455566191927,14.158599850375113,0.0],[79.89588936892599,14.158793533472757,0.0],[79.89700981161576,14.159018217434657,0.0],[79.89809688379304,14.159545720823623,0.0],[79.89928555069903,14.160213671193409,0.0],[79.89980835156182,14.16044573501502,0.0],[79.90039154967837,14.160605601596359,0.0],[79.90105401786766,14.160602964084536,0.0],[79.90204596785422,14.160443078777035,0.0],[79.90258423816896,14.160137228701325,0.0],[79.90349062303693,14.159149779775177,0.0],[79.90431343799881,14.158202798184048,0.0],[79.90479372467202,14.157155461415407,0.0],[79.90511224201511,14.155994621360865,0.0],[79.90534563786487,14.15538953577211,0.0],[79.90556145571423,14.15447696248489,0.0],[79.9067892451766,14.154421691394623,0.0],[79.90814217991787,14.154371214345925,0.0],[79.9088788624602,14.154323610787781,0.0],[79.90952407413087,14.153891508266126,0.0],[79.9101043654602,14.153481624934685,0.0],[79.91147224162867,14.153056137783418,0.0],[79.91273765823699,14.152815572424302,0.0],[79.91337757746669,14.152627506171216,0.0],[79.91294799639061,14.15061012010064,0.0],[79.91278803175662,14.149859328180437,0.0],[79.91406787094132,14.149433495025702,0.0],[79.91588529619908,14.148927732908133,0.0],[79.91662250933638,14.148717267623207,0.0],[79.91651751645111,14.148188215813123,0.0],[79.91830285356791,14.14757828015649,0.0],[79.91948956557269,14.147274194675106,0.0],[79.92078252825023,14.147105993344349,0.0],[79.92211231469471,14.147019210696069,0.0],[79.92274322995874,14.146709075729976,0.0],[79.92339290713886,14.146308542972113,0.0],[79.92531947437335,14.146499167143828,0.0],[79.92658388808698,14.146588489123838,0.0],[79.92716738867453,14.146648841034223,0.0],[79.9274997763095,14.145442745130268,0.0],[79.9282135242184,14.145345241736333,0.0],[79.9289663023151,14.146124826991532,0.0],[79.93017171081799,14.145784592078156,0.0],[79.93134005643655,14.145444147183547,0.0],[79.9311264082586,14.144042261439825,0.0],[79.93098453647437,14.143422620584463,0.0],[79.93243023693519,14.143263748182548,0.0],[79.93325437655648,14.143406231929731,0.0],[79.93308496660073,14.142723072242909,0.0],[79.93413632539112,14.142789241012444,0.0],[79.9345825497974,14.143884300408889,0.0],[79.93465044517924,14.144440573563116,0.0],[79.93512718744029,14.14460460658026,0.0],[79.93546747274655,14.145482464602809,0.0],[79.93678836323473,14.145246443124059,0.0],[79.93739348089844,14.144235432696624,0.0],[79.93836143760508,14.145960367435546,0.0],[79.93923212382109,14.147666909458913,0.0],[79.93983087739716,14.1488708813776,0.0],[79.93992684523668,14.14937747185981,0.0],[79.94099393677452,14.150460699723622,0.0],[79.94130110359612,14.151609676478873,0.0],[79.94156177835193,14.152835416116138,0.0],[79.94168974303223,14.153446060283011,0.0],[79.94142456517578,14.153847656752673,0.0],[79.94154165822656,14.155068531067087,0.0],[79.94214243534007,14.155562789832976,0.0],[79.94206860787939,14.15709507337512,0.0],[79.94195379436995,14.158428355044201,0.0],[79.94284942380797,14.159560776362287,0.0],[79.9421281013865,14.160702561677622,0.0],[79.94171322457524,14.161641750090395,0.0],[79.94355085483132,14.162207193440672,0.0],[79.94411558092207,14.162362332872489,0.0],[79.94487102393667,14.162283022175533,0.0],[79.94554303439197,14.16218532165411,0.0],[79.94700755274303,14.161994771351061,0.0],[79.94852113724365,14.16080989673663,0.0],[79.94915581864167,14.15911632556983,0.0],[79.9493429442919,14.158474984909638,0.0],[79.94954512700777,14.15739060155801,0.0],[79.94982218728266,14.156012577451195,0.0],[79.95017120858209,14.155452890547721,0.0],[79.95115428461324,14.155102855030524,0.0],[79.95183090432339,14.15502784423661,0.0],[79.95227257145129,14.154454828935796,0.0],[79.95242263077843,14.153768139677888,0.0],[79.95296105610171,14.153421491737705,0.0],[79.9537024872683,14.153310421679986,0.0],[79.95432668058328,14.153777648943432,0.0],[79.95474229911672,14.154239812419615,0.0],[79.9553349517681,14.154358841192586,0.0],[79.95559584313888,14.153844185607287,0.0],[79.95594994119783,14.154812431618637,0.0],[79.95640571204368,14.15583540813181,0.0],[79.95679348505375,14.156347171585887,0.0],[79.95720465657293,14.156782162177974,0.0],[79.95786605393455,14.157177153260397,0.0],[79.95900957093059,14.157451337921408,0.0],[79.96014439644252,14.157522069434643,0.0],[79.96067681793464,14.157645512998752,0.0],[79.96111555243486,14.158148375877092,0.0],[79.96142456868385,14.158660018127415,0.0],[79.96200533698669,14.159773520894845,0.0],[79.96232823483523,14.160289710358093,0.0],[79.96272556586767,14.160702061494277,0.0],[79.96328988969258,14.161033494441549,0.0],[79.9639236908002,14.161337954623201,0.0],[79.96448397812564,14.1614479446445,0.0],[79.96506786761607,14.161390658680487,0.0],[79.96571697278083,14.161211444496798,0.0],[79.96689083271154,14.160563488048059,0.0],[79.96741457335008,14.160456294147375,0.0],[79.96796554044131,14.160597890490997,0.0],[79.96837190825259,14.161078102431906,0.0],[79.96849554435406,14.161625495055144,0.0],[79.96839223583305,14.162199190269822,0.0],[79.96820480777741,14.162903895210674,0.0],[79.96813370161411,14.163550199681133,0.0],[79.9681735889981,14.164237419561843,0.0],[79.96832943424836,14.164848065824044,0.0],[79.9685597096467,14.165359413465922,0.0],[79.96941439147022,14.16629732264326,0.0],[79.97040854292715,14.16700055121708,0.0],[79.9709636936781,14.167318328420215,0.0],[79.97162132970114,14.167419497325655,0.0],[79.97220098705662,14.167212978726448,0.0],[79.97273932561957,14.166848161803971,0.0],[79.97356130055894,14.166095307996184,0.0],[79.97407543457598,14.166150825900985,0.0],[79.97415767358551,14.166612164225073,0.0],[79.97348781678873,14.167632104464284,0.0],[79.97325005262805,14.168192068370397,0.0],[79.97326697964375,14.168797874429783,0.0],[79.97346913405487,14.169426704628584,0.0],[79.97368991824388,14.170037547660781,0.0],[79.97452127990347,14.171025048353098,0.0],[79.97545037340991,14.171854636561466,0.0],[79.97563460265629,14.172280013919599,0.0],[79.97527642895187,14.172798987403889,0.0],[79.97472420007517,14.173150188410077,0.0],[79.97356453920986,14.173685285150578,0.0],[79.97313718059948,14.174086478602128,0.0],[79.97280683691467,14.174619083789716,0.0],[79.97271286219528,14.17512974317651,0.0],[79.97271591392388,14.175726472696828,0.0],[79.9728761571063,14.176404921554688,0.0],[79.97300437602208,14.177020031875786,0.0],[79.97326093057174,14.178137122385253,0.0],[79.97353713420291,14.178797876390387,0.0],[79.97408102181852,14.179888670723832,0.0],[79.97456921945887,14.181002082786076,0.0],[79.9748223443256,14.181626488153695,0.0],[79.97505237206342,14.182250891092615,0.0],[79.97520360593036,14.182897635906958,0.0],[79.97535028143756,14.183517481902149,0.0],[79.97549219545242,14.184209389125582,0.0],[79.97577189205,14.18526789082115,0.0],[79.97597863800279,14.185941909594888,0.0],[79.97624604711007,14.186453371414366,0.0],[79.97664350105354,14.186838635345996,0.0],[79.977291720331,14.187025655431848,0.0],[79.97797294704283,14.186991136772098,0.0],[79.97854772716327,14.186879539621907,0.0],[79.97921140522031,14.186465353750041,0.0],[79.97970807919263,14.186064228994125,0.0],[79.98005704945012,14.185549767382202,0.0],[79.98062308992588,14.185261782576363,0.0],[79.98129945284091,14.185308665903856,0.0],[79.98192408995679,14.185635694073808,0.0],[79.98235892198029,14.185894453662357,0.0],[79.9827282506907,14.186383561854774,0.0],[79.98323992647109,14.187438172958432,0.0],[79.98370513040112,14.188510684313133,0.0],[79.98400750489934,14.189826895387906,0.0],[79.98419595723442,14.190424032274503,0.0],[79.9845231818432,14.191125504734984,0.0],[79.98521073970198,14.192212128312834,0.0],[79.98555690020159,14.192737402380809,0.0],[79.98604221958617,14.193253966242297,0.0],[79.98647670026139,14.193630216830853,0.0],[79.9870413151522,14.193893704636013,0.0],[79.98763863504178,14.194030880595687,0.0],[79.98821324325223,14.194014206420823,0.0],[79.98876047827265,14.193839224785624,0.0],[79.98916456460331,14.193456045452564,0.0],[79.98943937929793,14.19289601832089,0.0],[79.98951029937648,14.192353697692454,0.0],[79.98946098158856,14.19168460387843,0.0],[79.98929742105145,14.190427472834028,0.0],[79.98919221008563,14.18989377658011,0.0],[79.98908719353858,14.189256125181975,0.0],[79.98907950500568,14.1886910867494,0.0],[79.98907628700704,14.188117054307341,0.0],[79.98917649844743,14.186968998412562,0.0],[79.9890439177952,14.18627701003227,0.0],[79.98880459747511,14.185661617699957,0.0],[79.98857431003235,14.185100476716785,0.0],[79.98838584559266,14.184507897931535,0.0],[79.98822522849224,14.18392886166307,0.0],[79.98815709615404,14.183390724826493,0.0],[79.98820938861749,14.182866501592203,0.0],[79.98833581568813,14.182351461952837,0.0],[79.98867039081611,14.181954478693367,0.0],[79.98915703022651,14.18189681083001,0.0],[79.98977758643034,14.182024979072432,0.0],[79.99022173345706,14.182297252462456,0.0],[79.99073507894111,14.182642042465863,0.0],[79.99127627317623,14.18300955080084,0.0],[79.9917432392105,14.183403950490506,0.0],[79.99210346957898,14.18385241134919,0.0],[79.99293048544003,14.184781050729176,0.0],[79.99375285569594,14.185727862423555,0.0],[79.99412222410972,14.186226028219703,0.0],[79.9943850434241,14.186737456664948,0.0],[79.99470775081284,14.18737565306374,0.0],[79.99491934362366,14.188004485479306,0.0],[79.99514491075561,14.18859270011949,0.0],[79.99580934726315,14.189701893333265,0.0],[79.99611381395768,14.190226955437428,0.0],[79.99647882793509,14.190625615953874,0.0],[79.99705685846384,14.191097159920657,0.0],[79.99757072245973,14.191283725835762,0.0],[79.99801081847124,14.191298360986842,0.0],[79.9985441518093,14.191154969252102,0.0],[79.99923480157098,14.19100294287482,0.0],[79.99979616723037,14.190737595299515,0.0],[80.00022815675716,14.190291051445627,0.0],[80.00052676107741,14.189455484861845,0.0],[80.00078502746138,14.188099865576218,0.0],[80.00113466154507,14.187232771605936,0.0],[80.00141425664445,14.186609575979597,0.0],[80.0017773929528,14.185914319341759,0.0],[80.00201926645612,14.18554420059483,0.0],[80.00228843201496,14.185309750452262,0.0],[80.00292399994191,14.18504911897412,0.0],[80.00355910421008,14.184887896917258,0.0],[80.0041753967698,14.18487124858768,0.0],[80.00462907786292,14.185035071403778,0.0],[80.00511005743589,14.185393263589381,0.0],[80.0058171978832,14.186113744770559,0.0],[80.00620039910552,14.186670672445539,0.0],[80.00649978541409,14.187371997131331,0.0],[80.00661410099431,14.187987097169787,0.0],[80.0066311790781,14.188606472674971,0.0],[80.00654599201701,14.189297916061385,0.0],[80.00639515583853,14.190310141917912,0.0],[80.0063844789061,14.190947515162883,0.0],[80.0060632606638,14.191534472184555,0.0],[80.00552975214082,14.19179539005501,0.0],[80.0048761746919,14.191888741930146,0.0],[80.0052920770728,14.192364440069397,0.0],[80.00582850985819,14.192822231161163,0.0],[80.00611001009675,14.193247863336042,0.0],[80.00614598642751,14.193704495175563,0.0],[80.00639480314756,14.194261077276456,0.0],[80.0066116614562,14.19460520095727,0.0],[80.0070134250222,14.195157777037963,0.0],[80.00736433346485,14.195682821196964,0.0],[80.00776600988992,14.1962488468669,0.0],[80.00815444932586,14.19658432703619,0.0],[80.0085241709688,14.196960336704581,0.0],[80.00971368787513,14.197501134076544,0.0],[80.01049605146486,14.1978238571896,0.0],[80.01113012696453,14.198119236064423,0.0],[80.01191724080867,14.198360620476969,0.0],[80.01255195424234,14.19846152371276,0.0],[80.01335312444395,14.198576403317402,0.0],[80.01398335924597,14.198582429427791,0.0],[80.01465039413527,14.198647242916525,0.0],[80.01510001046115,14.198598576878313,0.0],[80.01588811090386,14.198451181943648,0.0],[80.01637497282269,14.19830309207395,0.0],[80.01767812936609,14.197831479658431,0.0],[80.01838329680935,14.19750306234727,0.0],[80.01885223494558,14.197115424039588,0.0],[80.01940962839495,14.19652894215689,0.0],[80.01976260321386,14.196204293794933,0.0],[80.02011574717467,14.195780229758451,0.0],[80.02061752819348,14.195229830249003,0.0],[80.0209385970366,14.194624842153774,0.0],[80.02114863221492,14.194005968208211,0.0],[80.02133512373634,14.193531767892061,0.0],[80.02141668322967,14.193321021907703,0.0],[80.02159488541085,14.192860816687613,0.0],[80.02160093721939,14.192845185896466,0.0],[80.02161312635936,14.192765489838948,0.0],[80.02167518645813,14.192359191068688,0.0],[80.0217045881701,14.192167354654403,0.0],[80.021803223725,14.191579943031648,0.0],[80.02182324028016,14.190960649415945,0.0],[80.02177351205262,14.190454228036355,0.0],[80.02162214219753,14.189784800633062,0.0],[80.02142460383023,14.18929748839508,0.0],[80.02127207141277,14.188920668354209,0.0],[80.02125474302827,14.188892410203726,0.0],[80.02051511091226,14.187680301459878,0.0],[80.02021574183436,14.18694728979136,0.0],[80.01988203076831,14.186996226869514,0.0],[80.02001774137415,14.186422449441743,0.0],[80.01996793448703,14.185952201847048,0.0],[80.0199323518633,14.185314661181497,0.0],[80.02011892429826,14.184808851444025,0.0],[80.02047221378183,14.18432137241699,0.0],[80.02077144057697,14.184166211360273,0.0],[80.02107066666903,14.184010869830143,0.0],[80.02160859882372,14.183831319219868,0.0],[80.02230815616214,14.183850927815222,0.0],[80.023030557312,14.184015285767895,0.0],[80.02367417184779,14.184215637332839,0.0],[80.02484906889174,14.185041079615445,0.0],[80.02504777470351,14.185267675556387,0.0],[80.02546354399837,14.185756755496266,0.0],[80.02585147817678,14.186300090047855,0.0],[80.02615070602312,14.1871144173437,0.0],[80.02669554486856,14.187911252705854,0.0],[80.02736488244712,14.188984129470667,0.0],[80.02793326629963,14.189622934044737,0.0],[80.0282236346726,14.190287964729782,0.0],[80.02808838234488,14.190681011062482,0.0],[80.02853710586362,14.190957715889715,0.0],[80.02890127962388,14.191767764342918,0.0],[80.02925225442156,14.192256765293207,0.0],[80.02963548138992,14.192845263648312,0.0],[80.03013491147212,14.193239725170871,0.0],[80.03060659076411,14.193647549417273,0.0],[80.03112474325496,14.194019467338366,0.0],[80.0317080583826,14.19421507729334,0.0],[80.03231888658425,14.194555529478649,0.0],[80.03286962477789,14.194832382734171,0.0],[80.03345743774055,14.195114222572192,0.0],[80.03402198484221,14.19546794645526,0.0],[80.03403535559389,14.195666864201373,0.0],[80.03360369863687,14.195950672792266,0.0],[80.03281521960946,14.196319621949575,0.0],[80.03186912458467,14.196656614054865,0.0],[80.03065887466734,14.197038095065365,0.0],[80.03013859129967,14.197592989790936,0.0],[80.02973832181792,14.198347052941383,0.0],[80.02940237137913,14.199336283866753,0.0],[80.02909494935703,14.200040803144635,0.0],[80.02857516395358,14.200387684917194,0.0],[80.0286894959987,14.201002789038656,0.0],[80.02874916465437,14.20125159074198,0.0],[80.02887687446169,14.20212886706888,0.0],[80.02916252420361,14.202803008444036,0.0],[80.02920940214489,14.202906504433447,0.0],[80.02943912860852,14.203413901251695,0.0],[80.02965622584068,14.203667578383266,0.0],[80.02991972348556,14.203975588570216,0.0],[80.03033590943524,14.20433354835248,0.0],[80.03099798943448,14.2045656808792,0.0],[80.03165566993037,14.20470720964673,0.0],[80.03219764380695,14.204785330021906,0.0],[80.03293463906074,14.204710096987231,0.0],[80.03344909919007,14.204647999654952,0.0],[80.03385826027213,14.204070208714098,0.0],[80.03454878024635,14.204040143904367,0.0],[80.03511851743686,14.204136331423433,0.0],[80.03555018083418,14.203793715262638,0.0],[80.0358710483183,14.203306180580817,0.0],[80.03625683505064,14.202805271094894,0.0],[80.03670754204732,14.202290894557835,0.0],[80.03692361439961,14.202163977805734,0.0],[80.0372364534246,14.201980147972563,0.0],[80.0374985357723,14.201833497185104,0.0],[80.03799280090891,14.201556925709863,0.0],[80.03841024217223,14.201367976260151,0.0],[80.03911562163614,14.200912866701358,0.0],[80.03954743787247,14.200520532986921,0.0],[80.04015581539186,14.199974935281325,0.0],[80.04056934121226,14.199492005017404,0.0],[80.04098285475176,14.198977630351031,0.0],[80.0413036040397,14.198508264780418,0.0],[80.04165339773347,14.198595038795467,0.0],[80.04192876217977,14.198663293719992,0.0],[80.04248959233445,14.198632866402393,0.0],[80.04316611632503,14.198616305020687,0.0],[80.04383815279964,14.198554396259468,0.0],[80.04429467195332,14.198569702627816,0.0],[80.04441725579835,14.198573753349752,0.0],[80.0448337950216,14.198809712490753,0.0],[80.04537518504388,14.199136413564846,0.0],[80.04600051029706,14.199214636452796,0.0],[80.0466771243143,14.199184427611673,0.0],[80.0473814247931,14.1992130922573,0.0],[80.04787219036535,14.199394949189104,0.0],[80.04832075929278,14.199829901387004,0.0],[80.0483663378125,14.19991376211511,0.0],[80.04874980287656,14.200617360746033,0.0],[80.04889578853921,14.20119281772876,0.0],[80.04888054134966,14.201272065551834,0.0],[80.04883106974592,14.201503811809317,0.0],[80.04877043792,14.201788269627063,0.0],[80.04824578566483,14.202212105701737,0.0],[80.04814690756967,14.202867345899417,0.0],[80.0480945876378,14.203477498158263,0.0],[80.04809330344627,14.20405619013231,0.0],[80.04792020335701,14.204774526043517,0.0],[80.04782149403553,14.205389148796,0.0],[80.04769485246483,14.206044313739946,0.0],[80.04764261777494,14.206640929051982,0.0],[80.04769212161078,14.207282951151614,0.0],[80.04765356260495,14.207566406187285,0.0],[80.04760729237078,14.207906661018288,0.0],[80.04766847976266,14.208129649724759,0.0],[80.0478049387198,14.208625788788959,0.0],[80.0482030477042,14.208798591585193,0.0],[80.04886068037139,14.20895812703155,0.0],[80.04943959235038,14.209099513226501,0.0],[80.04988882804076,14.209222494261091,0.0],[80.05052769086909,14.209499622802994,0.0],[80.05118525591196,14.209708949716832,0.0],[80.05161876973499,14.20987882213905,0.0],[80.05214824863755,14.210086283129991,0.0],[80.05236469936322,14.210219337013514,0.0],[80.05265727653492,14.210399256668335,0.0],[80.05326814940977,14.21077580435567,0.0],[80.0538732632488,14.211649540019435,0.0],[80.05416875564059,14.212120262243467,0.0],[80.05474193248614,14.212776994546035,0.0],[80.05474130072278,14.21305725986992,0.0],[80.05502299386598,14.213482821715415,0.0],[80.0553420813961,14.213768326259455,0.0],[80.05572156115339,14.214116057677732,0.0],[80.05591558906873,14.214293919609146,0.0],[80.056123539949,14.214574741366157,0.0],[80.05642843204237,14.214986661703119,0.0],[80.05669073340299,14.215800913904006,0.0],[80.05698002591194,14.21699039563213,0.0],[80.05710367169763,14.217709467284216,0.0],[80.0572629464339,14.21896198465309,0.0],[80.05713626960413,14.219680524942252,0.0],[80.05684739762926,14.22039867610084,0.0],[80.05716619627835,14.220837858782787,0.0],[80.05761475818532,14.221241183402137,0.0],[80.0580961564004,14.221522441901277,0.0],[80.05851401664899,14.221148120212025,0.0],[80.0589976700645,14.220398711652683,0.0],[80.05922169087619,14.219680400128883,0.0],[80.05940863061035,14.218962015896585,0.0],[80.05960464596038,14.218334051734963,0.0],[80.05970291288058,14.217873164945932,0.0],[80.0599570277826,14.216124195074123,0.0],[80.05992221026575,14.215125097014928,0.0],[80.05982750378696,14.213936001291758,0.0],[80.06021336296351,14.213308419842294,0.0],[80.06053410880786,14.212902244594787,0.0],[80.06085925908634,14.212559316339282,0.0],[80.06114794847245,14.21193159578567,0.0],[80.06191456959841,14.21099286904903,0.0],[80.06251855396877,14.210307031452539,0.0],[80.06287611083131,14.209964178896481,0.0],[80.0635159856687,14.209748517884808,0.0],[80.06422071925282,14.209591803667937,0.0],[80.0645404274212,14.209592477216683,0.0],[80.06508671127591,14.209837687421105,0.0],[80.0655681468909,14.210055662436123,0.0],[80.06610988725294,14.210337038847385,0.0],[80.06662304743988,14.210839893246616,0.0],[80.067297802945,14.211655016420103,0.0],[80.06781069698835,14.212356798800169,0.0],[80.06831352704145,14.213411009616824,0.0],[80.06844303319363,14.214368887891158,0.0],[80.0684823047305,14.214659132998689,0.0],[80.06849489134991,14.215233292875123,0.0],[80.06864979448123,14.216485791125855,0.0],[80.06857505936289,14.216813352770206,0.0],[80.06836442492146,14.217737414861102,0.0],[80.06832484957961,14.21888559615281,0.0],[80.0684881701464,14.21982702318062,0.0],[80.06854450902289,14.22015179839697,0.0],[80.06860845277731,14.220403503990315,0.0],[80.068797295607,14.221146897016473,0.0],[80.06903205730093,14.221866094725817,0.0],[80.06935411946947,14.222956223547099,0.0],[80.0695847749806,14.223467583289017,0.0],[80.06990338657099,14.223992625454503,0.0],[80.07015320094925,14.224432089007063,0.0],[80.07024038947822,14.22458545304193,0.0],[80.07037108026528,14.224727889446465,0.0],[80.0706935203792,14.225079164303157,0.0],[80.07112848503226,14.225391850412526,0.0],[80.071600666902,14.225605456254199,0.0],[80.07215617614919,14.225886815437102,0.0],[80.07281407124722,14.225983087841191,0.0],[80.07369104106589,14.226153858074193,0.0],[80.07389332465355,14.22619328658586,0.0],[80.07454686728875,14.226163047629377,0.0],[80.07523247347838,14.226327092142117,0.0],[80.07583022687824,14.226328230000755,0.0],[80.07590998093859,14.226334913224843,0.0],[80.07638626738036,14.226374555704373,0.0],[80.07697451041783,14.226524922440328,0.0],[80.07705428828892,14.226573772443487,0.0],[80.07715969646074,14.226638330966423,0.0],[80.0772988753144,14.226619989661332,0.0],[80.07763247866494,14.22657600384032,0.0],[80.07802861744275,14.226729377655559,0.0],[80.07813718007452,14.226771396438934,0.0],[80.07872557328923,14.226853955937749,0.0],[80.07902642121678,14.226878965435493,0.0],[80.07995347211804,14.226955879645757,0.0],[80.08063630120812,14.227132623637585,0.0],[80.08074550905324,14.227160916332798,0.0],[80.0812318356725,14.2273110494542,0.0],[80.08201638845429,14.227459284334428,0.0],[80.08256128976329,14.227562302029467,0.0],[80.08370552029065,14.227790657281643,0.0],[80.08437709502753,14.22798638543706,0.0],[80.08490822121688,14.228252807314405,0.0],[80.08496507135798,14.22828131034753,0.0],[80.08505779294782,14.228313518340087,0.0],[80.08529607316316,14.228396350793236,0.0],[80.0854884134865,14.228463216009292,0.0],[80.08610424746473,14.228753758828335,0.0],[80.08680822576478,14.22890428740291,0.0],[80.08738261681722,14.229068160551362,0.0],[80.0878105205467,14.22918677206186,0.0],[80.08807274231259,14.229259406941686,0.0],[80.0886423935585,14.229436819367232,0.0],[80.08930438392764,14.229768127409542,0.0],[80.08984147835564,14.230017805797345,0.0],[80.09053655485017,14.230077895749188,0.0],[80.09107837134665,14.23027785490174,0.0],[80.09176406482055,14.23037411645067,0.0],[80.0923523287728,14.23050642507518,0.0],[80.09306128571743,14.23055749595411,0.0],[80.09361726921766,14.230621842160692,0.0],[80.09422401739951,14.230803844144232,0.0],[80.0948124014779,14.230967770379388,0.0],[80.09515597866738,14.2310567888319,0.0],[80.09549778578554,14.231145353253927,0.0],[80.0960398186978,14.231241326128533,0.0],[80.09659107066595,14.231328293587834,0.0],[80.0971333398639,14.231361007987886,0.0],[80.09775733039665,14.231539166899728,0.0],[80.09781883517162,14.231556664441653,0.0],[80.09811349489337,14.231766037834173,0.0],[80.09823999024498,14.231855834431784,0.0],[80.09836025145866,14.231955539441476,0.0],[80.09859384473482,14.232107243942144,0.0],[80.0988138295478,14.232250231909594,0.0],[80.10035479490861,14.233423998981648,0.0],[80.10091017069205,14.2337822308016,0.0],[80.10168305828803,14.234326163354298,0.0],[80.10230772145965,14.234752323546257,0.0],[80.10294640970191,14.235241725582148,0.0],[80.10321877604134,14.235521631276377,0.0],[80.10341356559698,14.235721798427733,0.0],[80.10376203596626,14.236097166413769,0.0],[80.10415349662084,14.236518853064437,0.0],[80.10426094203522,14.236784427190226,0.0],[80.10439331164872,14.237111511921198,0.0],[80.1046983397165,14.237568615060773,0.0],[80.10515134065405,14.238161754081409,0.0],[80.10543335483166,14.238492273636535,0.0],[80.1060073356625,14.238886650685497,0.0],[80.10551537285751,14.239247368266364,0.0],[80.10499561732777,14.239576386451878,0.0],[80.10407125844928,14.240591782917187,0.0],[80.10326315434806,14.241467312120013,0.0],[80.10248416843793,14.242292559408755,0.0],[80.10244096877534,14.242338213835193,0.0],[80.10202278012072,14.242947714195422,0.0],[80.10144710972058,14.243421269408923,0.0],[80.10133555809331,14.24364701624926,0.0],[80.10122837799787,14.243863945201584,0.0],[80.10116723329675,14.244338590442041,0.0],[80.1011797984115,14.244948786434364,0.0],[80.10130372380338,14.245572900768458,0.0],[80.1010660569615,14.246245986624732,0.0],[80.10103918544704,14.246322440647354,0.0],[80.10084233818814,14.24688298219424,0.0],[80.10077144627952,14.247538320831595,0.0],[80.1005245945851,14.248148158661722,0.0],[80.1000969817035,14.248775755203729,0.0],[80.09972948907355,14.249430485853223,0.0],[80.09874798538812,14.251205276891485,0.0],[80.09845834845063,14.25233038678129,0.0],[80.09952128458244,14.253851382685937,0.0],[80.10070044260627,14.255236965040211,0.0],[80.10164923576392,14.255957583806564,0.0],[80.10176484182622,14.256031030397367,0.0],[80.10214913795073,14.256274973066741,0.0],[80.1034797078295,14.256101149766588,0.0],[80.10533932444527,14.25560736377917,0.0],[80.10772842373368,14.254545017443322,0.0],[80.10899444126764,14.254199231235777,0.0],[80.10992399596202,14.254474184669046,0.0],[80.11019420509801,14.254554050358161,0.0],[80.1103082607414,14.254551508447435,0.0],[80.1128223509228,14.254495657080057,0.0],[80.11379573917989,14.254465804237459,0.0],[80.1148625768369,14.254088042131087,0.0],[80.11500454455751,14.254033396059894,0.0],[80.11547395085863,14.253852789066718,0.0],[80.11627721873494,14.253543576349157,0.0],[80.11695956109448,14.25305204670676,0.0],[80.11876325630064,14.252648480448832,0.0],[80.12067874739229,14.25201903208247,0.0],[80.12203708531777,14.251813569042778,0.0],[80.1231585572179,14.251928583835632,0.0],[80.1246257700593,14.25299360903874,0.0],[80.12642760446428,14.25362515641238,0.0],[80.12928979335489,14.254832779776255,0.0],[80.12940678936604,14.254884208072081,0.0],[80.131003356068,14.25558623505133,0.0],[80.13282357504715,14.256276586651593,0.0],[80.13527388770152,14.257194001003928,0.0],[80.13551085354307,14.25727893989622,0.0],[80.13760075205953,14.258028447588279,0.0],[80.13775663405823,14.258084350584324,0.0],[80.1388316271885,14.25850641919987,0.0]],[[79.84407317712625,13.321710568068047,0.0],[79.84437272284796,13.321883064054234,0.0],[79.84459527125793,13.322089432685388,0.0],[79.84469923455754,13.32226103609449,0.0],[79.84476830599195,13.32242563621246,0.0],[79.84478188677824,13.322507841172428,0.0],[79.84483666308975,13.322740827292181,0.0],[79.84491954185414,13.322939716123543,0.0],[79.84511463845766,13.323043282045331,0.0],[79.84536581002085,13.32310603122051,0.0],[79.84561067763752,13.32302500197782,0.0],[79.84578588999457,13.322902585853697,0.0],[79.84599670847858,13.322636579835702,0.0],[79.84625593568234,13.322473472554679,0.0],[79.84642364265709,13.322460544256817,0.0],[79.84666782859908,13.322523261837043,0.0],[79.84684203470201,13.322613040273007,0.0],[79.84688297268882,13.322818582429582,0.0],[79.84685484429741,13.32291086555656,0.0],[79.84674605518877,13.323125507353794,0.0],[79.8465772263064,13.323375079485556,0.0],[79.84659074692621,13.323469996711204,0.0],[79.8466810991127,13.323566240346976,0.0],[79.8467993280123,13.323676300902958,0.0],[79.84698058418347,13.323752422091685,0.0],[79.8471411464132,13.323773686535407,0.0],[79.84726005422617,13.323740001343076,0.0],[79.8475334468206,13.323535885280997,0.0],[79.84788419355097,13.32322259684306,0.0],[79.84818558995168,13.323004918020539,0.0],[79.84841619556872,13.322985427959324,0.0],[79.84865977912295,13.323014234143283,0.0],[79.849026497741,13.323015897449174,0.0],[79.84945405359119,13.323077731343362,0.0],[79.84977142376415,13.323175002481431,0.0],[79.84991743153023,13.323319413795545,0.0],[79.85001426150386,13.32352349829238,0.0],[79.85004991484773,13.323739285094408,0.0],[79.85003650308312,13.323990786596914,0.0],[79.84986389644759,13.32430146260997,0.0],[79.84965467182121,13.3245999936225,0.0],[79.84934816631828,13.324790270647227,0.0],[79.84914024439924,13.32481328663176,0.0],[79.84883520813487,13.324692112023088,0.0],[79.84851806359491,13.32454692431945,0.0],[79.84823781921875,13.324353985731202,0.0],[79.84806696461949,13.324293314819204,0.0],[79.84781014837965,13.32431610680092,0.0],[79.84765106505293,13.324351322579894,0.0],[79.84751597840345,13.32448248008162,0.0],[79.84740442959028,13.324805410355843,0.0],[79.84726775292728,13.325271976666341,0.0],[79.84689847722271,13.32580936209092,0.0],[79.84623394815536,13.326740714574834,0.0],[79.8456676611203,13.327576678871987,0.0],[79.84549777309103,13.327312365578468,0.0],[79.84507669289488,13.326528810969116,0.0],[79.84432334932931,13.325567050074373,0.0],[79.84367718016699,13.32520473260973,0.0],[79.84323819678023,13.324975129454232,0.0],[79.8429096850356,13.324650195131442,0.0],[79.84272871765577,13.324146246837502,0.0],[79.84264747786857,13.323235461717264,0.0],[79.84267505826044,13.322576734913534,0.0],[79.84282762376174,13.32217036982798,0.0],[79.84295439591527,13.321951900875954,0.0],[79.84316482608853,13.321768037811685,0.0],[79.84337483444642,13.321673162145679,0.0],[79.84373126684618,13.321633713661065,0.0],[79.84407317712625,13.321710568068047,0.0]]]},"bbox":[78.98053054626754,13.293524142350828,80.26853931615045,14.266236237318688]}],"bbox":[78.98053054626754,13.293524142350828,80.26853931615045,14.266236237318688]}